"ID","Description","GeneRatio","BgRatio","pvalue","p.adjust","qvalue","geneID","Count"
"R-MMU-69278","Cell Cycle, Mitotic","238/1735","499/8772",8.25934640134786e-48,8.44931136857886e-45,6.25971516733733e-45,"H2bc12/Cenpk/H2ac4/E2f2/Cdc6/Aurkb/Cdk1/Ccnb2/Smc2/Ska1/Bub1b/Ncapg2/Lig1/Ncaph/Cdk6/Plk1/Prim1/Ncapd2/H2ac11/Espl1/Cenpe/Cdc20/Ncapg/H2ac15/Ccnb1/Pole2/Birc5/Tpx2/Kif20a/Lyn/Cdca8/Hmmr/Aurka/Ube2c/Bub1/Cdc25c/Kif18a/Kif23/H2bc13/Dna2/Mastl/Haus1/Cenpf/Cks1b/Tubg1/Lmnb1/H2ac10/H2afx/Spc25/Wee1/Mcm7/Gins1/Cdc25b/Ccne2/H4c9/Zwilch/Cdca5/Mcm10/Ccne1/Cdc25a/Cenpu/Spc24/Mad2l1/H2bc3/Nuf2/Mcm3/Smc4/Sgo1/Nek2/Fbxo5/Kntc1/Tfdp1/Cdc45/Ndc80/Gtse1/Mcm5/Anapc5/H4c14/Tubb2a/Pole/Esco2/Cenpm/Spdl1/Gmnn/Gins2/Ndc1/Incenp/Cdk2/Pola1/Rb1/Skp2/Cenpn/Mcm2/Ccna2/Kif2c/Hist1h2an/Mcm6/H2bc21/Cenph/Rfc4/Alms1/Rpa1/Bora/Rfc1/Cep70/H2ac20/Dbf4/Nup93/Cenpa/Cdc7/Kmt5a/Pkmyt1/E2f1/Ppp2r5d/Ckap5/Cenpp/H3c10/Ska2/Rfc5/H3c8/Cep290/Orc1/Psmd7/Plk4/H3c3/Prkar2b/Ercc6l/Pmf1/Psmc5/E2f3/Haus4/Mcm8/Sgo2a/H2afv/Ywhae/Tubb5/Ppp1r12a/Ncapd3/Cdc27/Psmb5/Cep76/Nup107/H4c12/Mcm4/Pola2/Pold1/Psma4/Psmd8/Rfc3/Psmb7/Vrk1/Psma7/Sfi1/Psmd1/Prim2/Zw10/Nup188/Psmd3/H2bc7/Akt3/Psmc1/Nup133/Nup85/Sec13/Ccp110/Anapc15/Haus5/Psmc4/Fgfr1op/Psmc6/Haus6/Ppp2r1b/Bub3/Pole3/Nudc/Psmc2/Psma6/Anapc16/Rbl1/Dsn1/Itgb3bp/Cenpc1/Tubb3/H2ac6/Psmb2/Cep192/Esco1/Cenps/Pcna/Cdc23/Aaas/Rcc2/Rpa3/Smc1a/Cables1/Pds5b/Cdk4/H3f3b/Rad21/Ssna1/Banf1/H2bc4/Cetn2/Ppme1/Psma1/Nup160/Nup155/Gorasp1/Set/Rfc2/Tuba1b/Psmd13/Mcph1/Ccnd3/Psmd12/Haus7/Cep72/Hdac1/Rangap1/Tubg2/H4c3/Psma2/Lpin2/Rab8a/Psmd14/Psmd6/Lin54/Cenpt/H2ac8/Cep57/H3c1/Mnat1/Nup37/Prkaca/H4c8/Nup43/Gins3/H3c11",238
"R-MMU-69620","Cell Cycle Checkpoints","148/1735","281/8772",8.3333553887075e-36,4.26251128132389e-33,3.15790309466811e-33,"H2bc12/Cenpk/Cdc6/Aurkb/Cdk1/Ccnb2/Ska1/Exo1/Bub1b/Plk1/Cenpe/Cdc20/Ccnb1/Birc5/Cdca8/Ube2c/Bub1/Cdc25c/Kif18a/H2bc13/Dna2/Cenpf/H2afx/Clspn/Spc25/Wee1/Mcm7/Ccne2/H4c9/Nbn/Zwilch/Mcm10/Ccne1/Cdc25a/Cenpu/Spc24/Mad2l1/H2bc3/Nuf2/Mcm3/Sgo1/Kntc1/Cdc45/Ndc80/Gtse1/Mcm5/Anapc5/H4c14/Cenpm/Spdl1/Incenp/Cdk2/Blm/Brca1/Cenpn/Mcm2/Ccna2/Kif2c/Mcm6/H2bc21/Cenph/Rfc4/Brip1/Rpa1/Nsd2/Bard1/Dbf4/Chek1/Cenpa/Cdc7/Pkmyt1/Ppp2r5d/Ckap5/Cenpp/H3c10/Ska2/Rfc5/H3c8/Orc1/Psmd7/Ercc6l/Pmf1/Psmc5/Mcm8/Sgo2a/Ywhae/Cdc27/Psmb5/Nup107/H4c12/Chek2/Mcm4/Psma4/Psmd8/Rfc3/Psmb7/Psma7/Sfn/Psmd1/Zw10/Topbp1/Psmd3/H2bc7/Psmc1/Nup133/Nup85/Ywhab/Sec13/Anapc15/Psmc4/Psmc6/Ppp2r1b/Trp53bp1/Bub3/Nudc/Psmc2/Psma6/Anapc16/Dsn1/Itgb3bp/Cenpc1/Psmb2/Cenps/Cdc23/Rcc2/Rpa3/H2bc4/Psma1/Nup160/Wrn/Rbbp8/Rfc2/Uimc1/Rad9b/Psmd13/Psmd12/Rangap1/H4c3/Psma2/Psmd14/Psmd6/Rnf168/Cenpt/H3c1/Nup37/H4c8/Nup43/H3c11",148
"R-MMU-68886","M Phase","168/1735","381/8772",1.86969044631783e-28,6.3756444219438e-26,4.72342849596083e-26,"H2bc12/Cenpk/H2ac4/Aurkb/Cdk1/Ccnb2/Smc2/Ska1/Bub1b/Ncapg2/Ncaph/Plk1/Ncapd2/H2ac11/Espl1/Cenpe/Cdc20/Ncapg/H2ac15/Ccnb1/Birc5/Kif20a/Cdca8/Ube2c/Bub1/Kif18a/Kif23/H2bc13/Mastl/Haus1/Cenpf/Tubg1/Lmnb1/H2ac10/H2afx/Spc25/H4c9/Zwilch/Cdca5/Cenpu/Spc24/Mad2l1/H2bc3/Nuf2/Smc4/Sgo1/Nek2/Fbxo5/Kntc1/Ndc80/Anapc5/H4c14/Tubb2a/Cenpm/Spdl1/Ndc1/Incenp/Rb1/Cenpn/Kif2c/Hist1h2an/H2bc21/Cenph/Alms1/Cep70/H2ac20/Nup93/Cenpa/Kmt5a/Ppp2r5d/Ckap5/Cenpp/H3c10/Ska2/H3c8/Cep290/Psmd7/Plk4/H3c3/Prkar2b/Ercc6l/Pmf1/Psmc5/Haus4/Sgo2a/H2afv/Ywhae/Tubb5/Ncapd3/Cdc27/Psmb5/Cep76/Nup107/H4c12/Psma4/Psmd8/Psmb7/Vrk1/Psma7/Sfi1/Psmd1/Zw10/Nup188/Psmd3/H2bc7/Psmc1/Nup133/Nup85/Sec13/Ccp110/Anapc15/Haus5/Psmc4/Fgfr1op/Psmc6/Haus6/Ppp2r1b/Bub3/Nudc/Psmc2/Psma6/Anapc16/Dsn1/Itgb3bp/Cenpc1/Tubb3/H2ac6/Psmb2/Cep192/Cenps/Cdc23/Aaas/Rcc2/Smc1a/Pds5b/H3f3b/Rad21/Ssna1/Banf1/H2bc4/Cetn2/Psma1/Nup160/Nup155/Gorasp1/Set/Tuba1b/Psmd13/Mcph1/Psmd12/Haus7/Cep72/Rangap1/Tubg2/H4c3/Psma2/Lpin2/Psmd14/Psmd6/Cenpt/H2ac8/Cep57/H3c1/Nup37/Prkaca/H4c8/Nup43/H3c11",168
"R-MMU-69481","G2/M Checkpoints","86/1735","163/8772",3.21313546699705e-21,8.21759395684495e-19,6.0880461479944e-19,"H2bc12/Cdc6/Cdk1/Ccnb2/Exo1/Ccnb1/Cdc25c/H2bc13/Dna2/H2afx/Clspn/Wee1/Mcm7/H4c9/Nbn/Mcm10/Cdc25a/H2bc3/Mcm3/Cdc45/Gtse1/Mcm5/H4c14/Cdk2/Blm/Brca1/Mcm2/Mcm6/H2bc21/Rfc4/Brip1/Rpa1/Nsd2/Bard1/Dbf4/Chek1/Cdc7/Pkmyt1/H3c10/Rfc5/H3c8/Orc1/Psmd7/Psmc5/Mcm8/Ywhae/Psmb5/H4c12/Chek2/Mcm4/Psma4/Psmd8/Rfc3/Psmb7/Psma7/Sfn/Psmd1/Topbp1/Psmd3/H2bc7/Psmc1/Ywhab/Psmc4/Psmc6/Trp53bp1/Psmc2/Psma6/Psmb2/Rpa3/H2bc4/Psma1/Wrn/Rbbp8/Rfc2/Uimc1/Rad9b/Psmd13/Psmd12/H4c3/Psma2/Psmd14/Psmd6/Rnf168/H3c1/H4c8/H3c11",86
"R-MMU-68877","Mitotic Prometaphase","93/1735","189/8772",4.34444612082893e-20,7.79183284289629e-18,5.7726188680201e-18,"Cenpk/Aurkb/Cdk1/Ccnb2/Smc2/Ska1/Bub1b/Ncaph/Plk1/Ncapd2/Cenpe/Cdc20/Ncapg/Ccnb1/Birc5/Cdca8/Bub1/Kif18a/Haus1/Cenpf/Tubg1/Spc25/Zwilch/Cdca5/Cenpu/Spc24/Mad2l1/Nuf2/Smc4/Sgo1/Nek2/Kntc1/Ndc80/Tubb2a/Cenpm/Spdl1/Incenp/Cenpn/Kif2c/Cenph/Alms1/Cep70/Cenpa/Ppp2r5d/Ckap5/Cenpp/Ska2/Cep290/Plk4/Prkar2b/Ercc6l/Pmf1/Haus4/Sgo2a/Ywhae/Tubb5/Cep76/Nup107/Sfi1/Zw10/Nup133/Nup85/Sec13/Ccp110/Haus5/Fgfr1op/Haus6/Ppp2r1b/Bub3/Nudc/Dsn1/Itgb3bp/Cenpc1/Tubb3/Cep192/Cenps/Rcc2/Smc1a/Pds5b/Rad21/Ssna1/Cetn2/Nup160/Tuba1b/Haus7/Cep72/Rangap1/Tubg2/Cenpt/Cep57/Nup37/Prkaca/Nup43",93
"R-MMU-69242","S Phase","77/1735","142/8772",4.56998993718258e-20,7.79183284289629e-18,5.7726188680201e-18,"Cdc6/Lig1/Prim1/Pole2/Ube2c/Dna2/Cks1b/Wee1/Mcm7/Gins1/Cdc25b/Ccne2/Cdca5/Ccne1/Cdc25a/Mcm3/Mcm5/Anapc5/Pole/Esco2/Gins2/Cdk2/Pola1/Rb1/Skp2/Mcm2/Ccna2/Mcm6/Rfc4/Rpa1/Rfc1/Rfc5/Orc1/Psmd7/Psmc5/Mcm8/Cdc27/Psmb5/Mcm4/Pola2/Pold1/Psma4/Psmd8/Rfc3/Psmb7/Psma7/Psmd1/Prim2/Psmd3/Akt3/Psmc1/Anapc15/Psmc4/Psmc6/Pole3/Psmc2/Psma6/Anapc16/Psmb2/Esco1/Pcna/Cdc23/Rpa3/Smc1a/Cables1/Pds5b/Cdk4/Rad21/Psma1/Rfc2/Psmd13/Psmd12/Psma2/Psmd14/Psmd6/Mnat1/Gins3",77
"R-MMU-69306","DNA Replication","70/1735","123/8772",6.25358739059725e-20,9.13917128654427e-18,6.7708013853083e-18,"E2f2/Cdc6/Lig1/Prim1/Pole2/Ube2c/Dna2/Mcm7/Gins1/Ccne2/Mcm10/Ccne1/Mcm3/Cdc45/Mcm5/Anapc5/Pole/Gmnn/Gins2/Cdk2/Pola1/Skp2/Mcm2/Ccna2/Mcm6/Rfc4/Rpa1/Rfc1/Dbf4/Cdc7/E2f1/Rfc5/Orc1/Psmd7/Psmc5/E2f3/Mcm8/Cdc27/Psmb5/Mcm4/Pola2/Pold1/Psma4/Psmd8/Rfc3/Psmb7/Psma7/Psmd1/Prim2/Psmd3/Psmc1/Anapc15/Psmc4/Psmc6/Pole3/Psmc2/Psma6/Anapc16/Psmb2/Pcna/Cdc23/Rpa3/Psma1/Rfc2/Psmd13/Psmd12/Psma2/Psmd14/Psmd6/Gins3",70
"R-MMU-2555396","Mitotic Metaphase and Anaphase","92/1735","193/8772",1.05345295495818e-18,1.34710296615277e-16,9.9800806259196e-17,"Cenpk/Aurkb/Ska1/Bub1b/Plk1/Espl1/Cenpe/Cdc20/Birc5/Cdca8/Ube2c/Bub1/Kif18a/Cenpf/Lmnb1/Spc25/Zwilch/Cdca5/Cenpu/Spc24/Mad2l1/Nuf2/Sgo1/Fbxo5/Kntc1/Ndc80/Anapc5/Tubb2a/Cenpm/Spdl1/Incenp/Cenpn/Kif2c/Cenph/Cenpa/Ppp2r5d/Ckap5/Cenpp/Ska2/Psmd7/Ercc6l/Pmf1/Psmc5/Sgo2a/Cdc27/Psmb5/Nup107/Psma4/Psmd8/Psmb7/Vrk1/Psma7/Psmd1/Zw10/Psmd3/Psmc1/Nup133/Nup85/Sec13/Anapc15/Psmc4/Psmc6/Ppp2r1b/Bub3/Nudc/Psmc2/Psma6/Anapc16/Dsn1/Itgb3bp/Cenpc1/Tubb3/Psmb2/Cenps/Cdc23/Rcc2/Smc1a/Pds5b/Rad21/Banf1/Psma1/Nup160/Tuba1b/Psmd13/Psmd12/Rangap1/Psma2/Psmd14/Psmd6/Cenpt/Nup37/Nup43",92
"R-MMU-2467813","Separation of Sister Chromatids","88/1735","182/8772",1.92536035540074e-18,2.1884929373055e-16,1.62135608875851e-16,"Cenpk/Aurkb/Ska1/Bub1b/Plk1/Espl1/Cenpe/Cdc20/Birc5/Cdca8/Ube2c/Bub1/Kif18a/Cenpf/Spc25/Zwilch/Cdca5/Cenpu/Spc24/Mad2l1/Nuf2/Sgo1/Kntc1/Ndc80/Anapc5/Tubb2a/Cenpm/Spdl1/Incenp/Cenpn/Kif2c/Cenph/Cenpa/Ppp2r5d/Ckap5/Cenpp/Ska2/Psmd7/Ercc6l/Pmf1/Psmc5/Sgo2a/Cdc27/Psmb5/Nup107/Psma4/Psmd8/Psmb7/Psma7/Psmd1/Zw10/Psmd3/Psmc1/Nup133/Nup85/Sec13/Anapc15/Psmc4/Psmc6/Ppp2r1b/Bub3/Nudc/Psmc2/Psma6/Anapc16/Dsn1/Itgb3bp/Cenpc1/Tubb3/Psmb2/Cenps/Cdc23/Rcc2/Smc1a/Pds5b/Rad21/Psma1/Nup160/Tuba1b/Psmd13/Psmd12/Rangap1/Psma2/Psmd14/Psmd6/Cenpt/Nup37/Nup43",88
"R-MMU-68882","Mitotic Anaphase","91/1735","192/8772",2.63101373731838e-18,2.69152705327671e-16,1.99403146407288e-16,"Cenpk/Aurkb/Ska1/Bub1b/Plk1/Espl1/Cenpe/Cdc20/Birc5/Cdca8/Ube2c/Bub1/Kif18a/Cenpf/Lmnb1/Spc25/Zwilch/Cdca5/Cenpu/Spc24/Mad2l1/Nuf2/Sgo1/Kntc1/Ndc80/Anapc5/Tubb2a/Cenpm/Spdl1/Incenp/Cenpn/Kif2c/Cenph/Cenpa/Ppp2r5d/Ckap5/Cenpp/Ska2/Psmd7/Ercc6l/Pmf1/Psmc5/Sgo2a/Cdc27/Psmb5/Nup107/Psma4/Psmd8/Psmb7/Vrk1/Psma7/Psmd1/Zw10/Psmd3/Psmc1/Nup133/Nup85/Sec13/Anapc15/Psmc4/Psmc6/Ppp2r1b/Bub3/Nudc/Psmc2/Psma6/Anapc16/Dsn1/Itgb3bp/Cenpc1/Tubb3/Psmb2/Cenps/Cdc23/Rcc2/Smc1a/Pds5b/Rad21/Banf1/Psma1/Nup160/Tuba1b/Psmd13/Psmd12/Rangap1/Psma2/Psmd14/Psmd6/Cenpt/Nup37/Nup43",91
"R-MMU-453279","Mitotic G1-G1/S phases","68/1735","126/8772",1.01883353961568e-17,9.47515191842583e-16,7.01971433993579e-16,"E2f2/Cdc6/Cdk6/Prim1/Pole2/Lyn/Cks1b/Wee1/Mcm7/Ccne2/Mcm10/Ccne1/Cdc25a/Mcm3/Tfdp1/Cdc45/Mcm5/Pole/Gmnn/Cdk2/Pola1/Rb1/Skp2/Mcm2/Ccna2/Mcm6/Rpa1/Dbf4/Cdc7/E2f1/Orc1/Psmd7/Psmc5/E2f3/Mcm8/Psmb5/Mcm4/Pola2/Psma4/Psmd8/Psmb7/Psma7/Psmd1/Prim2/Psmd3/Akt3/Psmc1/Psmc4/Psmc6/Ppp2r1b/Pole3/Psmc2/Psma6/Rbl1/Psmb2/Rpa3/Cables1/Cdk4/Psma1/Psmd13/Ccnd3/Psmd12/Hdac1/Psma2/Psmd14/Psmd6/Lin54/Mnat1",68
"R-MMU-73886","Chromosome Maintenance","61/1735","109/8772",4.80655730047127e-17,3.98678088443987e-15,2.95362683212091e-15,"H2bc12/Cenpk/H2ac4/Mis18bp1/Lig1/Prim1/H2ac11/H2ac15/Pole2/H2bc13/Dna2/H2ac10/H2afx/H4c9/Cenpu/H2bc3/H4c14/Pole/Cenpm/Pola1/Cenpn/Hist1h2an/H2bc21/Cenph/Rfc4/Rpa1/Rfc1/H2ac20/Cenpa/Cenpp/H3c10/Rfc5/H3c8/Cenpw/H2afv/H4c12/Pola2/Pold1/Rfc3/Dkc1/Prim2/H2bc7/Pole3/Rbbp7/Itgb3bp/Cenpc1/H2ac6/Cenps/Pcna/Rpa3/Acd/H2bc4/Rfc2/Oip5/Cenpx/H4c3/Cenpt/H2ac8/H3c1/H4c8/H3c11",61
"R-MMU-194315","Signaling by Rho GTPases","157/1735","428/8772",5.06629046898517e-17,3.98678088443987e-15,2.95362683212091e-15,"H2bc12/Cenpk/H2ac4/Prc1/Aurkb/Ska1/Bub1b/Plk1/Rhoc/H2ac11/Diaph3/Cenpe/Cdc20/H2ac15/Racgap1/Birc5/Cdca8/Bub1/Cdc25c/Kif18a/H2bc13/Arhgap11a/Cenpf/Kif14/Ect2/Sos2/H2ac10/H2afx/Spc25/H4c9/Mapk11/Zwilch/Cit/Cenpu/Spc24/Mad2l1/H2bc3/Nuf2/Arhgap29/Sgo1/Rhob/Kntc1/Ndc80/Arhgap19/Arap3/H4c14/Rhoq/Tubb2a/Cenpm/Spdl1/Prex1/Incenp/Arhgap26/Srgap3/Cenpn/Kif2c/Depdc1b/Dlg4/Hist1h2an/Wipf1/Arhgef39/Arhgef11/H2bc21/Cenph/H2ac20/Cenpa/Ptk2/Ppp2r5d/Ckap5/Cenpp/H3c10/Iqgap3/Ska2/Fmnl3/H3c8/Rhod/H3c3/Ercc6l/Ar/Arhgef3/Pmf1/Sgo2a/H2afv/Ywhae/Ppp1r12a/S100a9/Itsn1/Flna/Nup107/H4c12/Tagap/Ncf4/Vav3/Sfn/Zw10/Rhof/H2bc7/Arhgap9/Cyfip2/Nup133/Nup85/Ywhab/Sec13/Net1/Ppp2r1b/Bub3/Plekhg5/Arhgap32/Klc4/Cdh1/Syde2/Nudc/Akap13/Dsn1/Itgb3bp/Cenpc1/Tubb3/H2ac6/Nck1/Cenps/Arhgef17/Rcc2/Nckap1/Arhgap39/H3f3b/Arhgap24/Arhgap17/H2bc4/Pik3r2/Nup160/Diaph1/Arhgap12/Calm3/Tuba1b/Trio/S100a8/Rangap1/Cybb/H4c3/Scai/Rasgrf2/Plekhg2/Cenpt/Pfn2/Myl6/H2ac8/H3c1/Cyfip1/Nup37/H4c8/Nup43/Wasl/Arhgap30/H3c11/Arhgap21/Ralbp1/Arhgap31",157
"R-MMU-69206","G1/S Transition","58/1735","103/8772",1.93988059065323e-16,1.41749846017018e-14,1.05016092125588e-14,"Cdc6/Prim1/Pole2/Cks1b/Wee1/Mcm7/Ccne2/Mcm10/Ccne1/Cdc25a/Mcm3/Cdc45/Mcm5/Pole/Gmnn/Cdk2/Pola1/Rb1/Skp2/Mcm2/Ccna2/Mcm6/Rpa1/Dbf4/Cdc7/Orc1/Psmd7/Psmc5/Mcm8/Psmb5/Mcm4/Pola2/Psma4/Psmd8/Psmb7/Psma7/Psmd1/Prim2/Psmd3/Akt3/Psmc1/Psmc4/Psmc6/Ppp2r1b/Pole3/Psmc2/Psma6/Psmb2/Rpa3/Cables1/Cdk4/Psma1/Psmd13/Psmd12/Psma2/Psmd14/Psmd6/Mnat1",58
"R-MMU-69239","Synthesis of DNA","62/1735","115/8772",3.07277219941015e-16,2.09563063999772e-14,1.55255858496513e-14,"Cdc6/Lig1/Prim1/Pole2/Ube2c/Dna2/Mcm7/Gins1/Ccne2/Ccne1/Mcm3/Mcm5/Anapc5/Pole/Gins2/Cdk2/Pola1/Skp2/Mcm2/Ccna2/Mcm6/Rfc4/Rpa1/Rfc1/Rfc5/Orc1/Psmd7/Psmc5/Mcm8/Cdc27/Psmb5/Mcm4/Pola2/Pold1/Psma4/Psmd8/Rfc3/Psmb7/Psma7/Psmd1/Prim2/Psmd3/Psmc1/Anapc15/Psmc4/Psmc6/Pole3/Psmc2/Psma6/Anapc16/Psmb2/Pcna/Cdc23/Rpa3/Psma1/Rfc2/Psmd13/Psmd12/Psma2/Psmd14/Psmd6/Gins3",62
"R-MMU-2500257","Resolution of Sister Chromatid Cohesion","63/1735","118/8772",3.32624969281987e-16,2.12672089734671e-14,1.57559195975678e-14,"Cenpk/Aurkb/Cdk1/Ccnb2/Ska1/Bub1b/Plk1/Cenpe/Cdc20/Ccnb1/Birc5/Cdca8/Bub1/Kif18a/Cenpf/Spc25/Zwilch/Cdca5/Cenpu/Spc24/Mad2l1/Nuf2/Sgo1/Kntc1/Ndc80/Tubb2a/Cenpm/Spdl1/Incenp/Cenpn/Kif2c/Cenph/Cenpa/Ppp2r5d/Ckap5/Cenpp/Ska2/Ercc6l/Pmf1/Sgo2a/Nup107/Zw10/Nup133/Nup85/Sec13/Ppp2r1b/Bub3/Nudc/Dsn1/Itgb3bp/Cenpc1/Tubb3/Cenps/Rcc2/Smc1a/Pds5b/Rad21/Nup160/Tuba1b/Rangap1/Cenpt/Nup37/Nup43",63
"R-MMU-69618","Mitotic Spindle Checkpoint","59/1735","107/8772",4.0272842144513e-16,2.42347750081393e-14,1.79544559405879e-14,"Cenpk/Aurkb/Ska1/Bub1b/Plk1/Cenpe/Cdc20/Birc5/Cdca8/Ube2c/Bub1/Kif18a/Cenpf/Spc25/Zwilch/Cenpu/Spc24/Mad2l1/Nuf2/Sgo1/Kntc1/Ndc80/Anapc5/Cenpm/Spdl1/Incenp/Cenpn/Kif2c/Cenph/Cenpa/Ppp2r5d/Ckap5/Cenpp/Ska2/Ercc6l/Pmf1/Sgo2a/Cdc27/Nup107/Zw10/Nup133/Nup85/Sec13/Anapc15/Ppp2r1b/Bub3/Nudc/Anapc16/Dsn1/Itgb3bp/Cenpc1/Cenps/Cdc23/Rcc2/Nup160/Rangap1/Cenpt/Nup37/Nup43",59
"R-MMU-141424","Amplification of signal from the kinetochores","53/1735","91/8772",5.42417608773474e-16,2.92049059881718e-14,2.16366026768366e-14,"Cenpk/Aurkb/Ska1/Bub1b/Plk1/Cenpe/Cdc20/Birc5/Cdca8/Bub1/Kif18a/Cenpf/Spc25/Zwilch/Cenpu/Spc24/Mad2l1/Nuf2/Sgo1/Kntc1/Ndc80/Cenpm/Spdl1/Incenp/Cenpn/Kif2c/Cenph/Cenpa/Ppp2r5d/Ckap5/Cenpp/Ska2/Ercc6l/Pmf1/Sgo2a/Nup107/Zw10/Nup133/Nup85/Sec13/Ppp2r1b/Bub3/Nudc/Dsn1/Itgb3bp/Cenpc1/Cenps/Rcc2/Nup160/Rangap1/Cenpt/Nup37/Nup43",53
"R-MMU-141444","Amplification  of signal from unattached  kinetochores via a MAD2  inhibitory signal","53/1735","91/8772",5.42417608773474e-16,2.92049059881718e-14,2.16366026768366e-14,"Cenpk/Aurkb/Ska1/Bub1b/Plk1/Cenpe/Cdc20/Birc5/Cdca8/Bub1/Kif18a/Cenpf/Spc25/Zwilch/Cenpu/Spc24/Mad2l1/Nuf2/Sgo1/Kntc1/Ndc80/Cenpm/Spdl1/Incenp/Cenpn/Kif2c/Cenph/Cenpa/Ppp2r5d/Ckap5/Cenpp/Ska2/Ercc6l/Pmf1/Sgo2a/Nup107/Zw10/Nup133/Nup85/Sec13/Ppp2r1b/Bub3/Nudc/Dsn1/Itgb3bp/Cenpc1/Cenps/Rcc2/Nup160/Rangap1/Cenpt/Nup37/Nup43",53
"R-MMU-195258","RHO GTPase Effectors","120/1735","310/8772",3.41948473692101e-15,1.74906644293509e-13,1.29580474241217e-13,"H2bc12/Cenpk/H2ac4/Prc1/Aurkb/Ska1/Bub1b/Plk1/Rhoc/H2ac11/Diaph3/Cenpe/Cdc20/H2ac15/Birc5/Cdca8/Bub1/Cdc25c/Kif18a/H2bc13/Cenpf/Kif14/H2ac10/H2afx/Spc25/H4c9/Mapk11/Zwilch/Cit/Cenpu/Spc24/Mad2l1/H2bc3/Nuf2/Sgo1/Rhob/Kntc1/Ndc80/H4c14/Rhoq/Tubb2a/Cenpm/Spdl1/Incenp/Cenpn/Kif2c/Dlg4/Hist1h2an/Wipf1/H2bc21/Cenph/H2ac20/Cenpa/Ptk2/Ppp2r5d/Ckap5/Cenpp/H3c10/Iqgap3/Ska2/Fmnl3/H3c8/Rhod/H3c3/Ercc6l/Ar/Pmf1/Sgo2a/H2afv/Ywhae/Ppp1r12a/S100a9/Flna/Nup107/H4c12/Ncf4/Sfn/Zw10/H2bc7/Cyfip2/Nup133/Nup85/Ywhab/Sec13/Ppp2r1b/Bub3/Klc4/Cdh1/Nudc/Dsn1/Itgb3bp/Cenpc1/Tubb3/H2ac6/Nck1/Cenps/Rcc2/Nckap1/H3f3b/H2bc4/Nup160/Diaph1/Calm3/Tuba1b/S100a8/Rangap1/Cybb/H4c3/Scai/Cenpt/Pfn2/Myl6/H2ac8/H3c1/Cyfip1/Nup37/H4c8/Nup43/Wasl/H3c11",120
"R-MMU-69002","DNA Replication Pre-Initiation","48/1735","82/8772",1.00066338928182e-14,4.87466022493002e-13,3.61141674327274e-13,"E2f2/Cdc6/Prim1/Pole2/Mcm7/Mcm10/Mcm3/Cdc45/Mcm5/Pole/Gmnn/Cdk2/Pola1/Mcm2/Mcm6/Rpa1/Dbf4/Cdc7/E2f1/Orc1/Psmd7/Psmc5/E2f3/Mcm8/Psmb5/Mcm4/Pola2/Psma4/Psmd8/Psmb7/Psma7/Psmd1/Prim2/Psmd3/Psmc1/Psmc4/Psmc6/Pole3/Psmc2/Psma6/Psmb2/Rpa3/Psma1/Psmd13/Psmd12/Psma2/Psmd14/Psmd6",48
"R-MMU-5663220","RHO GTPases Activate Formins","64/1735","132/8772",7.96919792657532e-14,3.70567703585752e-12,2.74536962063839e-12,"Cenpk/Aurkb/Ska1/Bub1b/Plk1/Rhoc/Diaph3/Cenpe/Cdc20/Birc5/Cdca8/Bub1/Kif18a/Cenpf/Spc25/Zwilch/Cenpu/Spc24/Mad2l1/Nuf2/Sgo1/Rhob/Kntc1/Ndc80/Tubb2a/Cenpm/Spdl1/Incenp/Cenpn/Kif2c/Cenph/Cenpa/Ppp2r5d/Ckap5/Cenpp/Ska2/Fmnl3/Rhod/Ercc6l/Pmf1/Sgo2a/Nup107/Zw10/Nup133/Nup85/Sec13/Ppp2r1b/Bub3/Nudc/Dsn1/Itgb3bp/Cenpc1/Tubb3/Cenps/Rcc2/Nup160/Diaph1/Tuba1b/Rangap1/Scai/Cenpt/Pfn2/Nup37/Nup43",64
"R-MMU-5693538","Homology Directed Repair","61/1735","130/8772",1.89622554647261e-12,8.22020855170211e-11,6.08998318385092e-11,"H2bc12/Exo1/Pole2/Timeless/H2bc13/Dna2/Rad51ap1/H2afx/Clspn/H4c9/Nbn/H2bc3/Gen1/H4c14/Pole/Cdk2/Blm/Brca1/Ccna2/H2bc21/Rfc4/Brip1/Rpa1/Nsd2/Bard1/Rfc1/Tipin/Chek1/H3c10/Polq/Rfc5/H3c8/Rad51b/Brca2/H4c12/Pold1/Rfc3/Rad51/Topbp1/H2bc7/Trp53bp1/Pole3/Pcna/Rpa3/H2bc4/Wrn/Rbbp8/Rfc2/Uimc1/Rad9b/Xrcc3/Eme2/H4c3/Parp2/Polh/Eme1/Rnf168/H3c1/H4c8/Xrcc2/H3c11",61
"R-MMU-68962","Activation of the pre-replicative complex","24/1735","30/8772",1.92849467488612e-12,8.22020855170211e-11,6.08998318385092e-11,"Cdc6/Prim1/Pole2/Mcm7/Mcm10/Mcm3/Cdc45/Mcm5/Pole/Gmnn/Cdk2/Pola1/Mcm2/Mcm6/Rpa1/Dbf4/Cdc7/Orc1/Mcm8/Mcm4/Pola2/Prim2/Pole3/Rpa3",24
"R-MMU-157579","Telomere Maintenance","45/1735","84/8772",5.06802887145236e-12,2.07383741419831e-10,1.53641296313503e-10,"H2bc12/H2ac4/Lig1/Prim1/H2ac11/H2ac15/Pole2/H2bc13/Dna2/H2ac10/H2afx/H4c9/H2bc3/H4c14/Pole/Pola1/Hist1h2an/H2bc21/Rfc4/Rpa1/Rfc1/H2ac20/H3c10/Rfc5/H3c8/H2afv/H4c12/Pola2/Pold1/Rfc3/Dkc1/Prim2/H2bc7/Pole3/H2ac6/Pcna/Rpa3/Acd/H2bc4/Rfc2/H4c3/H2ac8/H3c1/H4c8/H3c11",45
"R-MMU-5693567","HDR through Homologous Recombination (HRR) or Single Strand Annealing (SSA)","59/1735","127/8772",7.41517058301725e-12,2.91758442554871e-10,2.16150721448276e-10,"H2bc12/Exo1/Pole2/Timeless/H2bc13/Dna2/Rad51ap1/H2afx/Clspn/H4c9/Nbn/H2bc3/Gen1/H4c14/Pole/Cdk2/Blm/Brca1/Ccna2/H2bc21/Rfc4/Brip1/Rpa1/Nsd2/Bard1/Rfc1/Tipin/Chek1/H3c10/Rfc5/H3c8/Rad51b/Brca2/H4c12/Pold1/Rfc3/Rad51/Topbp1/H2bc7/Trp53bp1/Pole3/Pcna/Rpa3/H2bc4/Wrn/Rbbp8/Rfc2/Uimc1/Rad9b/Xrcc3/Eme2/H4c3/Polh/Eme1/Rnf168/H3c1/H4c8/Xrcc2/H3c11",59
"R-MMU-5693532","DNA Double-Strand Break Repair","68/1735","157/8772",1.06805148633787e-11,4.04672840934683e-10,2.99803925989578e-10,"H2bc12/Exo1/Pole2/Timeless/H2bc13/Dna2/Rad51ap1/H2afx/Clspn/H4c9/Nbn/Kpna2/H2bc3/Gen1/H4c14/Pole/Cdk2/Blm/Brca1/Ccna2/H2bc21/Rfc4/Brip1/Rpa1/Nsd2/Bard1/Rfc1/Tipin/Chek1/H3c10/Polq/Rfc5/H3c8/Rad51b/Brca2/H4c12/Chek2/Eya2/Mapk8/Pold1/Rfc3/Rad51/Topbp1/H2bc7/Trp53bp1/Pole3/Xrcc6/Pcna/Rpa3/H2bc4/Wrn/Rbbp8/Rfc2/Uimc1/Rad9b/Xrcc3/Paxip1/Eme2/H4c3/Parp2/Polh/Eme1/Rnf168/H3c1/Xrcc5/H4c8/Xrcc2/H3c11",68
"R-MMU-176187","Activation of ATR in response to replication stress","25/1735","34/8772",1.78322558030162e-11,6.51514203088769e-10,4.82677600683144e-10,"Cdc6/Cdc25c/Clspn/Mcm7/Mcm10/Cdc25a/Mcm3/Cdc45/Mcm5/Cdk2/Mcm2/Mcm6/Rfc4/Rpa1/Dbf4/Chek1/Cdc7/Rfc5/Orc1/Mcm8/Mcm4/Rfc3/Rpa3/Rfc2/Rad9b",25
"R-MMU-69473","G2/M DNA damage checkpoint","46/1735","91/8772",4.20986580536241e-11,1.48506645478819e-09,1.1002190126537e-09,"H2bc12/Cdk1/Exo1/Ccnb1/Cdc25c/H2bc13/Dna2/H2afx/Wee1/H4c9/Nbn/H2bc3/H4c14/Blm/Brca1/H2bc21/Rfc4/Brip1/Rpa1/Nsd2/Bard1/Chek1/H3c10/Rfc5/H3c8/Ywhae/H4c12/Chek2/Rfc3/Sfn/Topbp1/H2bc7/Ywhab/Trp53bp1/Rpa3/H2bc4/Wrn/Rbbp8/Rfc2/Uimc1/Rad9b/H4c3/Rnf168/H3c1/H4c8/H3c11",46
"R-MMU-453274","Mitotic G2-G2/M phases","73/1735","181/8772",1.10894777547049e-10,3.78151191435438e-09,2.80155227487282e-09,"Cdk1/Ccnb2/Plk1/Ccnb1/Tpx2/Hmmr/Aurka/Cdc25c/Haus1/Tubg1/Wee1/Cdc25b/Cdc25a/Nek2/Gtse1/Tubb2a/Cdk2/Ccna2/Alms1/Bora/Cep70/Pkmyt1/E2f1/Ckap5/Cep290/Psmd7/Plk4/Prkar2b/Psmc5/E2f3/Haus4/Ywhae/Tubb5/Ppp1r12a/Psmb5/Cep76/Psma4/Psmd8/Psmb7/Psma7/Sfi1/Psmd1/Psmd3/Psmc1/Ccp110/Haus5/Psmc4/Fgfr1op/Psmc6/Haus6/Ppp2r1b/Psmc2/Psma6/Tubb3/Psmb2/Cep192/Ssna1/Cetn2/Ppme1/Psma1/Tuba1b/Psmd13/Psmd12/Haus7/Cep72/Tubg2/Psma2/Rab8a/Psmd14/Psmd6/Cep57/Mnat1/Prkaca",73
"R-MMU-2262752","Cellular responses to stress","138/1735","431/8772",4.59859462932481e-10,1.51753622767719e-08,1.12427440852763e-08,"H2bc12/H2ac4/H2ac11/H2ac15/Ube2c/H2bc13/Ezh2/Lmnb1/H2ac10/H2afx/Ccne2/H4c9/Nbn/Mapk11/Ccne1/H1f5/H2bc3/H1f1/Rps6ka2/Hspa4l/Anapc5/H4c14/Tubb2a/Ndc1/Cdk2/Rb1/Ccna2/Hist1h2an/H2bc21/Rpa1/Sesn1/St13/H2ac20/Nup93/H1f0/H3c10/Map4k4/Prdx1/H3c8/Stip1/Cebpb/Psmd7/H3c3/Ar/H1f2/Psmc5/Sh3bp4/Rragd/H2afv/Ywhae/Gpx1/Hspa1a/Cdc27/Psmb5/Nup107/H4c12/Vcp/Mapk8/Psma4/Psmd8/Psmb7/Psma7/Ncf4/Dnaja4/Bag2/Psmd1/Fos/Nup188/Psmd3/H2bc7/Psmc1/Nup133/Nup85/Hikeshi/Sec13/Dnajb1/Anapc15/Phc3/Psmc4/Psmc6/Prdx2/Elob/Psmc2/Cbx4/Psma6/Anapc16/Egln1/Rbbp7/Tubb3/H2ac6/Psmb2/Cul2/Atp6v0b/Cdc23/Aaas/Limd1/Hsph1/Rpa3/H3f3b/Jun/Sirt1/Acd/Rps6ka3/H2bc4/Psma1/Nup160/Dnajc2/Nup155/Hif1a/Ccs/Tuba1b/Psmd13/Ets2/Camk2g/Psmd12/Prdx3/Tcirg1/Cybb/H4c3/Psma2/Psmd14/Psmd6/Castor1/Ero1l/H2ac8/Mapkapk2/Egln3/H3c1/Slc38a9/Suz12/Nup37/H4c8/Nup43/Hspa2/Rragb/Sesn2/H3c11/Camk2b",138
"R-MMU-69275","G2/M Transition","71/1735","179/8772",4.84568900688859e-10,1.5491062043897e-08,1.14766318584204e-08,"Cdk1/Ccnb2/Plk1/Ccnb1/Tpx2/Hmmr/Aurka/Cdc25c/Haus1/Tubg1/Wee1/Cdc25b/Cdc25a/Nek2/Gtse1/Tubb2a/Cdk2/Ccna2/Alms1/Bora/Cep70/Pkmyt1/Ckap5/Cep290/Psmd7/Plk4/Prkar2b/Psmc5/Haus4/Ywhae/Tubb5/Ppp1r12a/Psmb5/Cep76/Psma4/Psmd8/Psmb7/Psma7/Sfi1/Psmd1/Psmd3/Psmc1/Ccp110/Haus5/Psmc4/Fgfr1op/Psmc6/Haus6/Ppp2r1b/Psmc2/Psma6/Tubb3/Psmb2/Cep192/Ssna1/Cetn2/Ppme1/Psma1/Tuba1b/Psmd13/Psmd12/Haus7/Cep72/Tubg2/Psma2/Rab8a/Psmd14/Psmd6/Cep57/Mnat1/Prkaca",71
"R-MMU-180786","Extension of Telomeres","19/1735","24/8772",5.95258254625652e-10,1.84530058933952e-08,1.36710029770485e-08,"Lig1/Prim1/Pole2/Dna2/Pole/Pola1/Rfc4/Rpa1/Rfc1/Rfc5/Pola2/Pold1/Rfc3/Dkc1/Prim2/Pole3/Pcna/Rpa3/Rfc2",19
"R-MMU-174417","Telomere C-strand (Lagging Strand) Synthesis","18/1735","22/8772",6.42971094699248e-10,1.85508221240639e-08,1.37434706274898e-08,"Lig1/Prim1/Pole2/Dna2/Pole/Pola1/Rfc4/Rpa1/Rfc1/Rfc5/Pola2/Pold1/Rfc3/Prim2/Pole3/Pcna/Rpa3/Rfc2",18
"R-MMU-69190","DNA strand elongation","18/1735","22/8772",6.42971094699248e-10,1.85508221240639e-08,1.37434706274898e-08,"Lig1/Prim1/Dna2/Gins1/Gins2/Pola1/Rfc4/Rpa1/Rfc1/Rfc5/Pola2/Pold1/Rfc3/Prim2/Pcna/Rpa3/Rfc2/Gins3",18
"R-MMU-8953897","Cellular responses to external stimuli","138/1735","433/8772",6.52814854805767e-10,1.85508221240639e-08,1.37434706274898e-08,"H2bc12/H2ac4/H2ac11/H2ac15/Ube2c/H2bc13/Ezh2/Lmnb1/H2ac10/H2afx/Ccne2/H4c9/Nbn/Mapk11/Ccne1/H1f5/H2bc3/H1f1/Rps6ka2/Hspa4l/Anapc5/H4c14/Tubb2a/Ndc1/Cdk2/Rb1/Ccna2/Hist1h2an/H2bc21/Rpa1/Sesn1/St13/H2ac20/Nup93/H1f0/H3c10/Map4k4/Prdx1/H3c8/Stip1/Cebpb/Psmd7/H3c3/Ar/H1f2/Psmc5/Sh3bp4/Rragd/H2afv/Ywhae/Gpx1/Hspa1a/Cdc27/Psmb5/Nup107/H4c12/Vcp/Mapk8/Psma4/Psmd8/Psmb7/Psma7/Ncf4/Dnaja4/Bag2/Psmd1/Fos/Nup188/Psmd3/H2bc7/Psmc1/Nup133/Nup85/Hikeshi/Sec13/Dnajb1/Anapc15/Phc3/Psmc4/Psmc6/Prdx2/Elob/Psmc2/Cbx4/Psma6/Anapc16/Egln1/Rbbp7/Tubb3/H2ac6/Psmb2/Cul2/Atp6v0b/Cdc23/Aaas/Limd1/Hsph1/Rpa3/H3f3b/Jun/Sirt1/Acd/Rps6ka3/H2bc4/Psma1/Nup160/Dnajc2/Nup155/Hif1a/Ccs/Tuba1b/Psmd13/Ets2/Camk2g/Psmd12/Prdx3/Tcirg1/Cybb/H4c3/Psma2/Psmd14/Psmd6/Castor1/Ero1l/H2ac8/Mapkapk2/Egln3/H3c1/Slc38a9/Suz12/Nup37/H4c8/Nup43/Hspa2/Rragb/Sesn2/H3c11/Camk2b",138
"R-MMU-5685942","HDR through Homologous Recombination (HRR)","34/1735","62/8772",9.03375891640353e-10,2.49771226256238e-08,1.85044279368721e-08,"Exo1/Pole2/Dna2/Rad51ap1/Nbn/Gen1/Pole/Blm/Brca1/Rfc4/Brip1/Rpa1/Bard1/Rfc1/Chek1/Rfc5/Rad51b/Brca2/Pold1/Rfc3/Rad51/Topbp1/Pole3/Pcna/Rpa3/Wrn/Rbbp8/Rfc2/Rad9b/Xrcc3/Eme2/Polh/Eme1/Xrcc2",34
"R-MMU-174143","APC/C-mediated degradation of cell cycle proteins","41/1735","83/8772",1.19038354640765e-09,3.12246761019237e-08,2.31329596063024e-08,"Aurkb/Cdk1/Bub1b/Plk1/Cdc20/Ccnb1/Aurka/Ube2c/Mad2l1/Nek2/Fbxo5/Anapc5/Cdk2/Skp2/Ccna2/Psmd7/Psmc5/Cdc27/Psmb5/Psma4/Psmd8/Psmb7/Psma7/Psmd1/Psmd3/Psmc1/Anapc15/Psmc4/Psmc6/Bub3/Psmc2/Psma6/Anapc16/Psmb2/Cdc23/Psma1/Psmd13/Psmd12/Psma2/Psmd14/Psmd6",41
"R-MMU-453276","Regulation of mitotic cell cycle","41/1735","83/8772",1.19038354640765e-09,3.12246761019237e-08,2.31329596063024e-08,"Aurkb/Cdk1/Bub1b/Plk1/Cdc20/Ccnb1/Aurka/Ube2c/Mad2l1/Nek2/Fbxo5/Anapc5/Cdk2/Skp2/Ccna2/Psmd7/Psmc5/Cdc27/Psmb5/Psma4/Psmd8/Psmb7/Psma7/Psmd1/Psmd3/Psmc1/Anapc15/Psmc4/Psmc6/Bub3/Psmc2/Psma6/Anapc16/Psmb2/Cdc23/Psma1/Psmd13/Psmd12/Psma2/Psmd14/Psmd6",41
"R-MMU-68875","Mitotic Prophase","57/1735","135/8772",1.63528394991085e-09,4.18223870189701e-08,3.09843274719951e-08,"H2bc12/H2ac4/Cdk1/Ccnb2/Smc2/Ncapg2/Plk1/H2ac11/H2ac15/Ccnb1/H2bc13/Mastl/Lmnb1/H2ac10/H2afx/H4c9/H2bc3/Smc4/H4c14/Ndc1/Rb1/Hist1h2an/H2bc21/H2ac20/Nup93/Kmt5a/H3c10/H3c8/H3c3/H2afv/Ncapd3/Nup107/H4c12/Vrk1/Nup188/H2bc7/Nup133/Nup85/Sec13/H2ac6/Aaas/H3f3b/Banf1/H2bc4/Nup160/Nup155/Gorasp1/Set/Mcph1/H4c3/Lpin2/H2ac8/H3c1/Nup37/H4c8/Nup43/H3c11",57
"R-MMU-73894","DNA Repair","105/1735","314/8772",4.57336587882713e-09,1.14111055952199e-07,8.45397543711304e-08,"H2bc12/H2ac4/Neil3/Exo1/Lig1/H2ac11/H2ac15/Pclaf/Pole2/Timeless/H2bc13/Dna2/Dtl/Rad51ap1/Fancd2/H2ac10/H2afx/Clspn/H4c9/Nbn/Kpna2/H2bc3/Fanca/Gen1/H4c14/Pole/Cdk2/Blm/Brca1/Ccna2/Hist1h2an/H2bc21/Rfc4/Brip1/Rpa1/Nsd2/Bard1/Rfc1/Tipin/H2ac20/Chek1/H3c10/Polq/Rfc5/H3c8/Rad51b/Msh6/Fancm/Fancb/Brca2/Ube2t/H2afv/Cops5/H4c12/Chek2/Vcp/Eya2/Mapk8/Pold1/Rfc3/Gtf2h4/Rad51/Topbp1/H2bc7/Trp53bp1/Usp1/Pole3/H2ac6/Pias3/Xrcc6/Cenps/Pcna/Prpf19/Rpa3/Acd/H2bc4/Cetn2/Polr2d/Wrn/Rbbp8/Apex1/Rfc2/Uimc1/Rad9b/Actl6a/Polr2g/Xrcc3/Paxip1/Cenpx/Eme2/H4c3/Parp2/Polh/Eme1/Rnf168/Mad2l2/H2ac8/Gtf2h1/Fanci/H3c1/Xrcc5/Mnat1/H4c8/Xrcc2/H3c11",105
"R-MMU-5693579","Homologous DNA Pairing and Strand Exchange","24/1735","38/8772",5.97980335230627e-09,1.45650924509746e-07,1.07906225906279e-07,"Exo1/Dna2/Rad51ap1/Nbn/Blm/Brca1/Rfc4/Brip1/Rpa1/Bard1/Chek1/Rfc5/Rad51b/Brca2/Rfc3/Rad51/Topbp1/Rpa3/Wrn/Rbbp8/Rfc2/Rad9b/Xrcc3/Xrcc2",24
"R-MMU-2299718","Condensation of Prophase Chromosomes","38/1735","78/8772",7.88163598241327e-09,1.87509618837413e-07,1.38917451832009e-07,"H2bc12/H2ac4/Cdk1/Smc2/Ncapg2/Plk1/H2ac11/H2ac15/Ccnb1/H2bc13/H2ac10/H2afx/H4c9/H2bc3/Smc4/H4c14/Rb1/Hist1h2an/H2bc21/H2ac20/Kmt5a/H3c10/H3c8/H3c3/H2afv/Ncapd3/H4c12/H2bc7/H2ac6/H3f3b/H2bc4/Set/Mcph1/H4c3/H2ac8/H3c1/H4c8/H3c11",38
"R-MMU-5693607","Processing of DNA double-strand break ends","43/1735","94/8772",9.35015343488728e-09,2.17391067361129e-07,1.61055274476527e-07,"H2bc12/Exo1/Timeless/H2bc13/Dna2/H2afx/Clspn/H4c9/Nbn/H2bc3/H4c14/Cdk2/Blm/Brca1/Ccna2/H2bc21/Rfc4/Brip1/Rpa1/Nsd2/Bard1/Tipin/Chek1/H3c10/Rfc5/H3c8/H4c12/Rfc3/Topbp1/H2bc7/Trp53bp1/Rpa3/H2bc4/Wrn/Rbbp8/Rfc2/Uimc1/Rad9b/H4c3/Rnf168/H3c1/H4c8/H3c11",43
"R-MMU-69186","Lagging Strand Synthesis","15/1735","18/8772",1.17119303570334e-08,2.66251216783226e-07,1.97253563907931e-07,"Lig1/Prim1/Dna2/Pola1/Rfc4/Rpa1/Rfc1/Rfc5/Pola2/Pold1/Rfc3/Prim2/Pcna/Rpa3/Rfc2",15
"R-MMU-606279","Deposition of new CENPA-containing nucleosomes at the centromere","37/1735","76/8772",1.26955462755162e-08,2.75860306312702e-07,2.04372506606107e-07,"H2bc12/Cenpk/H2ac4/Mis18bp1/H2ac11/H2ac15/H2bc13/H2ac10/H2afx/H4c9/Cenpu/H2bc3/H4c14/Cenpm/Cenpn/Hist1h2an/H2bc21/Cenph/H2ac20/Cenpa/Cenpp/Cenpw/H2afv/H4c12/H2bc7/Rbbp7/Itgb3bp/Cenpc1/H2ac6/Cenps/H2bc4/Oip5/Cenpx/H4c3/Cenpt/H2ac8/H4c8",37
"R-MMU-774815","Nucleosome assembly","37/1735","76/8772",1.26955462755162e-08,2.75860306312702e-07,2.04372506606107e-07,"H2bc12/Cenpk/H2ac4/Mis18bp1/H2ac11/H2ac15/H2bc13/H2ac10/H2afx/H4c9/Cenpu/H2bc3/H4c14/Cenpm/Cenpn/Hist1h2an/H2bc21/Cenph/H2ac20/Cenpa/Cenpp/Cenpw/H2afv/H4c12/H2bc7/Rbbp7/Itgb3bp/Cenpc1/H2ac6/Cenps/H2bc4/Oip5/Cenpx/H4c3/Cenpt/H2ac8/H4c8",37
"R-MMU-68867","Assembly of the pre-replicative complex","34/1735","67/8772",1.29435920850534e-08,2.75860306312702e-07,2.04372506606107e-07,"E2f2/Cdc6/Mcm7/Mcm3/Mcm5/Gmnn/Mcm2/Mcm6/E2f1/Orc1/Psmd7/Psmc5/E2f3/Mcm8/Psmb5/Mcm4/Psma4/Psmd8/Psmb7/Psma7/Psmd1/Psmd3/Psmc1/Psmc4/Psmc6/Psmc2/Psma6/Psmb2/Psma1/Psmd13/Psmd12/Psma2/Psmd14/Psmd6",34
"R-MMU-69052","Switching of origins to a post-replicative state","41/1735","89/8772",1.60522014324552e-08,3.35130654395952e-07,2.48283244497696e-07,"Cdc6/Ube2c/Mcm7/Ccne2/Ccne1/Mcm3/Mcm5/Anapc5/Cdk2/Skp2/Mcm2/Ccna2/Mcm6/Orc1/Psmd7/Psmc5/Mcm8/Cdc27/Psmb5/Mcm4/Psma4/Psmd8/Psmb7/Psma7/Psmd1/Psmd3/Psmc1/Anapc15/Psmc4/Psmc6/Psmc2/Psma6/Anapc16/Psmb2/Cdc23/Psma1/Psmd13/Psmd12/Psma2/Psmd14/Psmd6",41
"R-MMU-73884","Base Excision Repair","42/1735","93/8772",2.21224062546158e-08,4.52624431969439e-07,3.35329105333123e-07,"H2bc12/H2ac4/Neil3/Lig1/H2ac11/H2ac15/Pole2/H2bc13/H2ac10/H2afx/H4c9/H2bc3/H4c14/Pole/Hist1h2an/H2bc21/Rfc4/Rpa1/Rfc1/H2ac20/H3c10/Rfc5/H3c8/H2afv/H4c12/Pold1/Rfc3/H2bc7/Pole3/H2ac6/Pcna/Rpa3/Acd/H2bc4/Apex1/Rfc2/H4c3/Parp2/H2ac8/H3c1/H4c8/H3c11",42
"R-MMU-5693616","Presynaptic phase of homologous DNA pairing and strand exchange","22/1735","35/8772",2.95910419067723e-08,5.93561487659373e-07,4.3974303762386e-07,"Exo1/Dna2/Nbn/Blm/Brca1/Rfc4/Brip1/Rpa1/Bard1/Chek1/Rfc5/Rad51b/Brca2/Rfc3/Rad51/Topbp1/Rpa3/Wrn/Rbbp8/Rfc2/Rad9b/Xrcc2",22
"R-MMU-212300","PRC2 methylates histones and DNA","37/1735","78/8772",3.06139446455117e-08,6.02270487929971e-07,4.4619514463094e-07,"H2bc12/H2ac4/H2ac11/H2ac15/H2bc13/Ezh2/H2ac10/H2afx/H4c9/H2bc3/Phf1/H4c14/Hist1h2an/H2bc21/H2ac20/Dnmt3a/H3c10/H3c8/H3c3/H2afv/H4c12/H2bc7/Phf19/Dnmt1/Rbbp7/H2ac6/H3f3b/H2bc4/Mtf2/Jarid2/H4c3/H2ac8/H3c1/Suz12/H4c8/Dnmt3b/H3c11",37
"R-MMU-69656","Cyclin A:Cdk2-associated events at S phase entry","35/1735","72/8772",3.2944317281129e-08,6.35887482615e-07,4.71100465589134e-07,"Cks1b/Wee1/Cdc25b/Ccne2/Ccne1/Cdc25a/Cdk2/Rb1/Skp2/Ccna2/Psmd7/Psmc5/Psmb5/Psma4/Psmd8/Psmb7/Psma7/Psmd1/Psmd3/Akt3/Psmc1/Psmc4/Psmc6/Psmc2/Psma6/Psmb2/Cables1/Cdk4/Psma1/Psmd13/Psmd12/Psma2/Psmd14/Psmd6/Mnat1",35
"R-MMU-176814","Activation of APC/C and APC/C:Cdc20 mediated degradation of mitotic proteins","36/1735","76/8772",4.92152850103555e-08,9.32356232696179e-07,6.90740842250603e-07,"Cdk1/Bub1b/Plk1/Cdc20/Ccnb1/Ube2c/Mad2l1/Nek2/Anapc5/Ccna2/Psmd7/Psmc5/Cdc27/Psmb5/Psma4/Psmd8/Psmb7/Psma7/Psmd1/Psmd3/Psmc1/Anapc15/Psmc4/Psmc6/Bub3/Psmc2/Psma6/Anapc16/Psmb2/Cdc23/Psma1/Psmd13/Psmd12/Psma2/Psmd14/Psmd6",36
"R-MMU-69202","Cyclin E associated events during G1/S transition ","34/1735","70/8772",5.3074928061771e-08,9.87193661948941e-07,7.31367429750721e-07,"Cks1b/Wee1/Ccne2/Ccne1/Cdc25a/Cdk2/Rb1/Skp2/Ccna2/Psmd7/Psmc5/Psmb5/Psma4/Psmd8/Psmb7/Psma7/Psmd1/Psmd3/Akt3/Psmc1/Psmc4/Psmc6/Psmc2/Psma6/Psmb2/Cables1/Cdk4/Psma1/Psmd13/Psmd12/Psma2/Psmd14/Psmd6/Mnat1",34
"R-MMU-176409","APC/C:Cdc20 mediated degradation of mitotic proteins","35/1735","75/8772",1.20415207838499e-07,2.19972781462115e-06,1.62967950458119e-06,"Cdk1/Bub1b/Cdc20/Ccnb1/Ube2c/Mad2l1/Nek2/Anapc5/Ccna2/Psmd7/Psmc5/Cdc27/Psmb5/Psma4/Psmd8/Psmb7/Psma7/Psmd1/Psmd3/Psmc1/Anapc15/Psmc4/Psmc6/Bub3/Psmc2/Psma6/Anapc16/Psmb2/Cdc23/Psma1/Psmd13/Psmd12/Psma2/Psmd14/Psmd6",35
"R-MMU-179419","APC:Cdc20 mediated degradation of cell cycle proteins prior to satisfation of the cell cycle checkpoint","34/1735","73/8772",1.93268774931069e-07,3.46866590797339e-06,2.56977872484523e-06,"Cdk1/Bub1b/Cdc20/Ube2c/Mad2l1/Nek2/Anapc5/Ccna2/Psmd7/Psmc5/Cdc27/Psmb5/Psma4/Psmd8/Psmb7/Psma7/Psmd1/Psmd3/Psmc1/Anapc15/Psmc4/Psmc6/Bub3/Psmc2/Psma6/Anapc16/Psmb2/Cdc23/Psma1/Psmd13/Psmd12/Psma2/Psmd14/Psmd6",34
"R-MMU-68949","Orc1 removal from chromatin","33/1735","70/8772",2.044345312241e-07,3.60580216279748e-06,2.67137681454359e-06,"Cdc6/Mcm7/Mcm3/Mcm5/Cdk2/Skp2/Mcm2/Ccna2/Mcm6/Orc1/Psmd7/Psmc5/Mcm8/Psmb5/Mcm4/Psma4/Psmd8/Psmb7/Psma7/Psmd1/Psmd3/Psmc1/Psmc4/Psmc6/Psmc2/Psma6/Psmb2/Psma1/Psmd13/Psmd12/Psma2/Psmd14/Psmd6",33
"R-MMU-3700989","Transcriptional Regulation by TP53","86/1735","262/8772",2.94763801298819e-07,5.1109045547236e-06,3.78643955281267e-06,"Aurkb/Cdk1/Exo1/E2f8/Ccnb1/Tpx2/Aurka/Cdc25c/Dna2/Ccne2/Btg2/Nbn/Mapk11/Ccne1/Sgk1/Cdk2/Blm/Brca1/Ccna2/Rfc4/Brip1/Prmt5/Rpa1/Sesn1/Bard1/Supt16/Chek1/Kmt5a/Prdx1/E2f7/Rfc5/Hipk1/Rragd/Ywhae/Cnot9/Chek2/Rfc3/Ccng1/Meaf6/Gtf2h4/Sfn/Topbp1/Supt4a/Cnot6/Akt3/Ywhab/Prdx2/Elob/Ppp2r1b/Pidd1/Ddit4/Ssrp1/Rbbp7/Trp53inp1/Dyrk2/Pcna/Rpa3/Hdac2/Taf9b/Nelfe/Ell/Steap3/Polr2d/Wrn/Cnot10/Rbbp8/Rfc2/Brpf3/Rad9b/Taf12/Polr2g/Tnks1bp1/Zfp420/Nelfcd/Hdac1/Prkab2/Taf4b/Gtf2h1/Smyd2/Slc38a9/Mnat1/Jmy/Rragb/Prelid1/Gtf2f2/Sesn2",86
"R-MMU-110373","Resolution of AP sites via the multiple-nucleotide patch replacement pathway","15/1735","21/8772",4.23892491242234e-07,7.22736697568009e-06,5.35443146832295e-06,"Lig1/Pole2/Pole/Rfc4/Rpa1/Rfc1/Rfc5/Pold1/Rfc3/Pole3/Pcna/Rpa3/Apex1/Rfc2/Parp2",15
"R-MMU-174184","Cdc20:Phospho-APC/C mediated degradation of Cyclin A","33/1735","72/8772",4.65008476032784e-07,7.79842083576292e-06,5.77749961593796e-06,"Cdk1/Bub1b/Cdc20/Ube2c/Mad2l1/Anapc5/Ccna2/Psmd7/Psmc5/Cdc27/Psmb5/Psma4/Psmd8/Psmb7/Psma7/Psmd1/Psmd3/Psmc1/Anapc15/Psmc4/Psmc6/Bub3/Psmc2/Psma6/Anapc16/Psmb2/Cdc23/Psma1/Psmd13/Psmd12/Psma2/Psmd14/Psmd6",33
"R-MMU-5651801","PCNA-Dependent Long Patch Base Excision Repair","14/1735","19/8772",5.68745816904161e-07,9.38430597891865e-06,6.95241066504237e-06,"Lig1/Pole2/Pole/Rfc4/Rpa1/Rfc1/Rfc5/Pold1/Rfc3/Pole3/Pcna/Rpa3/Apex1/Rfc2",14
"R-MMU-2559583","Cellular Senescence","60/1735","169/8772",1.05653035711036e-06,1.71560405606967e-05,1.27101396344103e-05,"H2bc12/H2ac4/H2ac11/H2ac15/Ube2c/H2bc13/Ezh2/Lmnb1/H2ac10/H2afx/Ccne2/H4c9/Nbn/Mapk11/Ccne1/H1f5/H2bc3/H1f1/Rps6ka2/Anapc5/H4c14/Cdk2/Rb1/Ccna2/Hist1h2an/H2bc21/H2ac20/H1f0/H3c10/Map4k4/H3c8/Cebpb/H3c3/H1f2/H2afv/Cdc27/H4c12/Mapk8/Fos/H2bc7/Anapc15/Phc3/Cbx4/Anapc16/Rbbp7/H2ac6/Cdc23/H3f3b/Jun/Acd/Rps6ka3/H2bc4/Ets2/H4c3/H2ac8/Mapkapk2/H3c1/Suz12/H4c8/H3c11",60
"R-MMU-2559586","DNA Damage/Telomere Stress Induced Senescence","37/1735","88/8772",1.34174669465118e-06,2.14469823223149e-05,1.58891055945534e-05,"H2bc12/H2ac4/H2ac11/H2ac15/H2bc13/Lmnb1/H2ac10/H2afx/Ccne2/H4c9/Nbn/Ccne1/H1f5/H2bc3/H1f1/H4c14/Cdk2/Rb1/Ccna2/Hist1h2an/H2bc21/H2ac20/H1f0/H3c10/H3c8/H1f2/H2afv/H4c12/H2bc7/H2ac6/Acd/H2bc4/H4c3/H2ac8/H3c1/H4c8/H3c11",37
"R-MMU-174178","APC/C:Cdh1 mediated degradation of Cdc20 and other APC/C:Cdh1 targeted proteins in late mitosis/early G1","32/1735","72/8772",1.61028839655983e-06,2.49594701466774e-05,1.84913500083426e-05,"Aurkb/Plk1/Cdc20/Aurka/Ube2c/Anapc5/Skp2/Psmd7/Psmc5/Cdc27/Psmb5/Psma4/Psmd8/Psmb7/Psma7/Psmd1/Psmd3/Psmc1/Anapc15/Psmc4/Psmc6/Psmc2/Psma6/Anapc16/Psmb2/Cdc23/Psma1/Psmd13/Psmd12/Psma2/Psmd14/Psmd6",32
"R-MMU-69017","CDK-mediated phosphorylation and removal of Cdc6","32/1735","72/8772",1.61028839655983e-06,2.49594701466774e-05,1.84913500083426e-05,"Cdc6/Ube2c/Ccne2/Ccne1/Anapc5/Cdk2/Ccna2/Psmd7/Psmc5/Cdc27/Psmb5/Psma4/Psmd8/Psmb7/Psma7/Psmd1/Psmd3/Psmc1/Anapc15/Psmc4/Psmc6/Psmc2/Psma6/Anapc16/Psmb2/Cdc23/Psma1/Psmd13/Psmd12/Psma2/Psmd14/Psmd6",32
"R-MMU-187577","SCF(Skp2)-mediated degradation of p27/p21","28/1735","60/8772",2.19434512016847e-06,3.35047023571992e-05,2.48221286177738e-05,"Cks1b/Ccne2/Ccne1/Cdk2/Skp2/Ccna2/Psmd7/Psmc5/Psmb5/Psma4/Psmd8/Psmb7/Psma7/Psmd1/Psmd3/Psmc1/Psmc4/Psmc6/Psmc2/Psma6/Psmb2/Cdk4/Psma1/Psmd13/Psmd12/Psma2/Psmd14/Psmd6",28
"R-MMU-983231","Factors involved in megakaryocyte development and platelet production","46/1735","121/8772",2.26406633942919e-06,3.40608803711185e-05,2.52341759193346e-05,"Kif22/Kif15/Kif11/Kif18b/Cenpe/Racgap1/Kif20a/Kif4/Kif18a/Kif23/Ehd3/Kif20b/Kifc1/Tubb2a/Kif2c/Akap1/Dock5/Kifc5b/H3c10/Carmil1/H3c8/Rad51b/H3c3/Prkar2b/Kif3a/Dock10/Jmjd1c/Itpk1/Cbx5/Kifap3/Phf21a/Kif13b/Klc4/Sh2b1/Zfpm1/Tubb3/Hdac2/Dock11/H3f3b/Vps45/Tuba1b/Hdac1/Dock2/H3c1/Prkaca/H3c11",46
"R-MMU-5693568","Resolution of D-loop Structures through Holliday Junction Intermediates","18/1735","31/8772",2.87763552469256e-06,4.2664074518268e-05,3.16078959233966e-05,"Exo1/Dna2/Rad51ap1/Nbn/Gen1/Blm/Brca1/Brip1/Bard1/Rad51b/Brca2/Rad51/Wrn/Rbbp8/Xrcc3/Eme2/Eme1/Xrcc2",18
"R-MMU-174411","Polymerase switching on the C-strand of the telomere","11/1735","14/8772",3.54396004299268e-06,5.03537656108543e-05,3.73048425578177e-05,"Prim1/Pola1/Rfc4/Rfc1/Rfc5/Pola2/Pold1/Rfc3/Prim2/Pcna/Rfc2",11
"R-MMU-69091","Polymerase switching","11/1735","14/8772",3.54396004299268e-06,5.03537656108543e-05,3.73048425578177e-05,"Prim1/Pola1/Rfc4/Rfc1/Rfc5/Pola2/Pold1/Rfc3/Prim2/Pcna/Rfc2",11
"R-MMU-69109","Leading Strand Synthesis","11/1735","14/8772",3.54396004299268e-06,5.03537656108543e-05,3.73048425578177e-05,"Prim1/Pola1/Rfc4/Rfc1/Rfc5/Pola2/Pold1/Rfc3/Prim2/Pcna/Rfc2",11
"R-MMU-983705","Signaling by the B Cell Receptor (BCR)","39/1735","98/8772",3.61992491179695e-06,5.07285367776477e-05,3.75824936769114e-05,"Pik3ap1/Lyn/Cd22/Itpr1/Malt1/Ptpn6/Psmd7/Psmc5/Pik3cd/Psmb5/Psma4/Psmd8/Itpr3/Psmb7/Itpr2/Psma7/Psmd1/Psmd3/Psmc1/Nfkbie/Psmc4/Psmc6/Psmc2/Psma6/Psmb2/Nck1/Nfatc2/Rasgrp1/Rela/Psma1/Calm3/Psmd13/Psmd12/Kras/Psma2/Psmd14/Psmd6/Bcl10/Dapp1",39
"R-MMU-5578749","Transcriptional regulation by small RNAs","42/1735","109/8772",4.14098834698458e-06,5.72463659319625e-05,4.24112604527581e-05,"H2bc12/H2ac4/H2ac11/H2ac15/H2bc13/H2ac10/H2afx/H4c9/H2bc3/H4c14/Ndc1/Hist1h2an/H2bc21/H2ac20/Nup93/H3c10/H3c8/H3c3/H2afv/Ran/Nup107/H4c12/Nup188/H2bc7/Nup133/Nup85/Sec13/H2ac6/Aaas/H3f3b/H2bc4/Polr2d/Nup160/Nup155/Polr2g/H4c3/H2ac8/H3c1/Nup37/H4c8/Nup43/H3c11",42
"R-MMU-449147","Signaling by Interleukins","82/1735","262/8772",4.71822827430497e-06,6.43566336615197e-05,4.76789383508712e-05,"Il6ra/Il12rb2/Il2rb/Il10ra/Lyn/Irak3/Stat4/Irs2/Sos2/Mapk11/Nod1/Il4ra/Rps6ka2/Irak2/Socs1/Dusp6/Nfkb2/Ppp2r5d/Tyk2/H3c10/Il21/H3c8/Ptpn6/Il21r/Psmd7/H3c3/Cd4/Psmc5/Pik3cd/Psmb5/Mapk8/Psma4/Psmd8/Psmb7/Tec/Psma7/Dusp7/Csf1/Psmd1/Map3k8/Fos/Psmd3/Stat5b/Psmc1/Irs1/Psmc4/Psmc6/Ppp2r1b/Psmc2/Psma6/Ptk2b/Psmb2/Dusp3/Il7r/Jun/Stat6/Rps6ka3/Il9r/Socs5/Rela/Psma1/Pik3r2/Psmd13/Psmd12/Canx/Il15/Psma2/Psmd14/Psmd6/Il4/Il2ra/Il1rl2/Hck/Mapkapk2/Il12rb1/H3c1/Prkaca/Casp3/Osm/Il1a/H3c11/Stx1a",82
"R-MMU-2990846","SUMOylation","56/1735","161/8772",4.95369770664294e-06,6.66793783407333e-05,4.93997555233091e-05,"Aurkb/Top2a/Birc5/Cdca8/H4c9/H4c14/Ndc1/Incenp/Blm/Brca1/Rpa1/Nfkb2/Nup93/Rora/Sae1/Ar/Nup107/H4c12/Nop58/Smc5/Nup188/Ikbke/Nup133/Nup85/Sec13/Phc3/Pcgf2/Rxra/Trp53bp1/Cbx4/Dnmt1/Pias3/Pcna/Aaas/Hdac2/Smc1a/Rad21/Vdr/Cetn2/Uba2/Rela/Nup160/Nup155/Sp100/Park7/Smc6/Hdac1/Rangap1/H4c3/Rnf168/Suz12/Nup37/H4c8/Top1/Nup43/Dnmt3b",56
"R-MMU-211000","Gene Silencing by RNA","44/1735","117/8772",5.2140456265359e-06,6.92723204668341e-05,5.13207498442358e-05,"H2bc12/H2ac4/H2ac11/H2ac15/H2bc13/H2ac10/H2afx/H4c9/H2bc3/H4c14/Ndc1/Hist1h2an/H2bc21/H2ac20/Nup93/H3c10/H3c8/H3c3/H2afv/Ran/Nup107/H4c12/Nup188/H2bc7/Nup133/Nup85/Sec13/H2ac6/Aaas/H3f3b/H2bc4/Polr2d/Nup160/Nup155/Polr2g/H4c3/Ago4/H2ac8/H3c1/Nup37/H4c8/Nup43/H3c11/Tarbp2",44
"R-MMU-5693537","Resolution of D-Loop Structures","18/1735","32/8772",5.36502694756727e-06,7.03643918892476e-05,5.21298164945807e-05,"Exo1/Dna2/Rad51ap1/Nbn/Gen1/Blm/Brca1/Brip1/Bard1/Rad51b/Brca2/Rad51/Wrn/Rbbp8/Xrcc3/Eme2/Eme1/Xrcc2",18
"R-MMU-6804756","Regulation of TP53 Activity through Phosphorylation","34/1735","83/8772",7.13837509041319e-06,9.24374394619328e-05,6.84827457041638e-05,"Aurkb/Exo1/Tpx2/Aurka/Dna2/Nbn/Mapk11/Cdk2/Blm/Brca1/Ccna2/Rfc4/Brip1/Rpa1/Bard1/Supt16/Chek1/Rfc5/Hipk1/Chek2/Rfc3/Topbp1/Ssrp1/Trp53inp1/Dyrk2/Rpa3/Taf9b/Wrn/Rbbp8/Rfc2/Rad9b/Taf12/Prkab2/Taf4b",34
"R-MMU-69273","Cyclin A/B1/B2 associated events during G2/M transition","14/1735","22/8772",8.54989328852711e-06,0.000108012989366884,8.00219708228186e-05,"Cdk1/Ccnb2/Plk1/Ccnb1/Cdc25c/Wee1/Cdc25b/Cdc25a/Cdk2/Ccna2/Pkmyt1/Ppp2r1b/Ppme1/Mnat1",14
"R-MMU-3108232","SUMO E3 ligases SUMOylate target proteins","54/1735","156/8772",8.55234813168874e-06,0.000108012989366884,8.00219708228186e-05,"Aurkb/Top2a/Birc5/Cdca8/H4c9/H4c14/Ndc1/Incenp/Blm/Brca1/Rpa1/Nfkb2/Nup93/Rora/Ar/Nup107/H4c12/Nop58/Smc5/Nup188/Ikbke/Nup133/Nup85/Sec13/Phc3/Pcgf2/Rxra/Trp53bp1/Cbx4/Dnmt1/Pias3/Pcna/Aaas/Hdac2/Smc1a/Rad21/Vdr/Cetn2/Rela/Nup160/Nup155/Sp100/Park7/Smc6/Hdac1/Rangap1/H4c3/Rnf168/Suz12/Nup37/H4c8/Top1/Nup43/Dnmt3b",54
"R-MMU-212165","Epigenetic regulation of gene expression","42/1735","112/8772",9.21833144908854e-06,0.00011500430576119,8.52015230211008e-05,"H2bc12/H2ac4/H2ac11/H2ac15/H2bc13/Ezh2/H2ac10/H2afx/H4c9/H2bc3/Phf1/H4c14/Hist1h2an/H2bc21/H2ac20/Dnmt3a/H3c10/H3c8/H3c3/H2afv/H4c12/H2bc7/Suv39h1/Phf19/Dnmt1/Rbbp7/H2ac6/H3f3b/Sirt1/H2bc4/Polr1a/Mtf2/Taf1d/Jarid2/H4c3/Polr1e/H2ac8/H3c1/Suz12/H4c8/Dnmt3b/H3c11",42
"R-MMU-5685938","HDR through Single Strand Annealing (SSA)","18/1735","33/8772",9.62899642743893e-06,0.000118680281268314,8.79248881135832e-05,"Exo1/Dna2/Nbn/Blm/Brca1/Rfc4/Brip1/Rpa1/Bard1/Rfc5/Rfc3/Rad51/Topbp1/Rpa3/Wrn/Rbbp8/Rfc2/Rad9b",18
"R-MMU-15869","Metabolism of nucleotides","38/1735","98/8772",9.901038337004e-06,0.000120580502604227,8.93326767248481e-05,"Nme4/Entpd1/Tyms/Adk/Ak2/Rrm2/Ampd1/Atic/Adssl1/Dck/Rrm1/Ampd3/Gart/Dtymk/Nudt5/Dut/Umps/Gpx1/Rrm2b/Uck2/Ppat/Gmps/Nudt1/Adsl/Lhpp/Ctps/Gmpr2/Entpd6/Dnph1/Nme1/Ampd2/Entpd7/Dguok/Nt5e/Upb1/Nme2/Ak4/Tk1",38
"R-MMU-5693554","Resolution of D-loop Structures through Synthesis-Dependent Strand Annealing (SDSA)","15/1735","25/8772",1.13788974928197e-05,0.000135788701868683,0.000100599748258941,"Exo1/Dna2/Rad51ap1/Nbn/Blm/Brca1/Brip1/Bard1/Rad51b/Brca2/Rad51/Wrn/Rbbp8/Xrcc3/Xrcc2",15
"R-MMU-110330","Recognition and association of DNA glycosylase with site containing an affected purine","27/1735","61/8772",1.14152769899381e-05,0.000135788701868683,0.000100599748258941,"H2bc12/H2ac4/Neil3/H2ac11/H2ac15/H2bc13/H2ac10/H2afx/H4c9/H2bc3/H4c14/Hist1h2an/H2bc21/H2ac20/H3c10/H3c8/H2afv/H4c12/H2bc7/H2ac6/Acd/H2bc4/H4c3/H2ac8/H3c1/H4c8/H3c11",27
"R-MMU-427359","SIRT1 negatively regulates rRNA expression","29/1735","68/8772",1.32162021374835e-05,0.000155404307892479,0.000115132069437243,"H2bc12/H2ac4/H2ac11/H2ac15/H2bc13/H2ac10/H2afx/H4c9/H2bc3/H4c14/Hist1h2an/H2bc21/H2ac20/H3c10/H3c8/H3c3/H2afv/H4c12/H2bc7/Suv39h1/H2ac6/H3f3b/Sirt1/H2bc4/H4c3/H2ac8/H3c1/H4c8/H3c11",29
"R-MMU-176408","Regulation of APC/C activators between G1/S and early anaphase","16/1735","28/8772",1.37525122497034e-05,0.000159872954902803,0.000118442689231896,"Cdk1/Bub1b/Plk1/Cdc20/Ccnb1/Ube2c/Mad2l1/Fbxo5/Anapc5/Cdk2/Ccna2/Cdc27/Anapc15/Bub3/Anapc16/Cdc23",16
"R-MMU-69183","Processive synthesis on the lagging strand","10/1735","13/8772",1.42193281819515e-05,0.000163079320948612,0.000120818141773937,"Lig1/Prim1/Dna2/Pola1/Rpa1/Pola2/Pold1/Prim2/Pcna/Rpa3",10
"R-MMU-69601","Ubiquitin Mediated Degradation of Phosphorylated Cdc25A","24/1735","52/8772",1.46659799875585e-05,0.000163079320948612,0.000120818141773937,"Cdc25a/Chek1/Psmd7/Psmc5/Psmb5/Chek2/Psma4/Psmd8/Psmb7/Psma7/Psmd1/Psmd3/Psmc1/Psmc4/Psmc6/Psmc2/Psma6/Psmb2/Psma1/Psmd13/Psmd12/Psma2/Psmd14/Psmd6",24
"R-MMU-69610","p53-Independent DNA Damage Response","24/1735","52/8772",1.46659799875585e-05,0.000163079320948612,0.000120818141773937,"Cdc25a/Chek1/Psmd7/Psmc5/Psmb5/Chek2/Psma4/Psmd8/Psmb7/Psma7/Psmd1/Psmd3/Psmc1/Psmc4/Psmc6/Psmc2/Psma6/Psmb2/Psma1/Psmd13/Psmd12/Psma2/Psmd14/Psmd6",24
"R-MMU-69613","p53-Independent G1/S DNA damage checkpoint","24/1735","52/8772",1.46659799875585e-05,0.000163079320948612,0.000120818141773937,"Cdc25a/Chek1/Psmd7/Psmc5/Psmb5/Chek2/Psma4/Psmd8/Psmb7/Psma7/Psmd1/Psmd3/Psmc1/Psmc4/Psmc6/Psmc2/Psma6/Psmb2/Psma1/Psmd13/Psmd12/Psma2/Psmd14/Psmd6",24
"R-MMU-3247509","Chromatin modifying enzymes","59/1735","178/8772",1.53132498800364e-05,0.000163617611389576,0.00012121693697638,"H2ac4/H2ac11/H2ac15/H2bc13/Ezh2/H2ac10/H4c9/H2bc3/H4c14/Smarcc1/Hist1h2an/Kdm4d/H2bc21/Prmt5/Nsd2/Nfkb2/H2ac20/Kmt5a/Dnmt3a/H3c10/H3c8/Jade2/H3c3/Dot1l/H4c12/H2bc18/Hat1/Padi2/Meaf6/Smyd3/Padi3/H2bc7/Suv39h1/Suv39h2/Nsd3/Kmt2e/Rbbp7/H2ac6/Kansl2/Setd6/Cdk4/Jade3/Padi4/H2bc4/Rela/Hcfc1/Brpf3/Actl6a/Arid5b/H4c3/Prmt7/H2ac8/Msl3/Smyd2/H3c1/Suz12/H4c8/Prdm16/H3c11",59
"R-MMU-4839726","Chromatin organization","59/1735","178/8772",1.53132498800364e-05,0.000163617611389576,0.00012121693697638,"H2ac4/H2ac11/H2ac15/H2bc13/Ezh2/H2ac10/H4c9/H2bc3/H4c14/Smarcc1/Hist1h2an/Kdm4d/H2bc21/Prmt5/Nsd2/Nfkb2/H2ac20/Kmt5a/Dnmt3a/H3c10/H3c8/Jade2/H3c3/Dot1l/H4c12/H2bc18/Hat1/Padi2/Meaf6/Smyd3/Padi3/H2bc7/Suv39h1/Suv39h2/Nsd3/Kmt2e/Rbbp7/H2ac6/Kansl2/Setd6/Cdk4/Jade3/Padi4/H2bc4/Rela/Hcfc1/Brpf3/Actl6a/Arid5b/H4c3/Prmt7/H2ac8/Msl3/Smyd2/H3c1/Suz12/H4c8/Prdm16/H3c11",59
"R-MMU-201722","Formation of the beta-catenin:TCF transactivating complex","35/1735","89/8772",1.53541453503415e-05,0.000163617611389576,0.00012121693697638,"H2bc12/H2ac4/H2ac11/H2ac15/H2bc13/Lef1/H2ac10/H2afx/H4c9/Tcf7/H2bc3/Bcl9/H4c14/Hist1h2an/H2bc21/H2ac20/H3c10/H3c8/H3c3/H2afv/H4c12/Tle4/H2bc7/Tle3/H2ac6/H3f3b/Tcf7l1/H2bc4/Hdac1/H4c3/Leo1/H2ac8/H3c1/H4c8/H3c11",35
"R-MMU-5625740","RHO GTPases activate PKNs","35/1735","89/8772",1.53541453503415e-05,0.000163617611389576,0.00012121693697638,"H2bc12/H2ac4/Rhoc/H2ac11/H2ac15/Cdc25c/H2bc13/H2ac10/H2afx/H4c9/H2bc3/Rhob/H4c14/Hist1h2an/H2bc21/H2ac20/H3c10/H3c8/H3c3/Ar/H2afv/Ywhae/Ppp1r12a/H4c12/Sfn/H2bc7/Ywhab/H2ac6/H3f3b/H2bc4/H4c3/H2ac8/H3c1/H4c8/H3c11",35
"R-MMU-8854518","AURKA Activation by TPX2","30/1735","72/8772",1.63969835679629e-05,0.000172929012268309,0.000128115335528305,"Cdk1/Plk1/Tpx2/Hmmr/Aurka/Haus1/Tubg1/Nek2/Alms1/Cep70/Ckap5/Cep290/Plk4/Prkar2b/Haus4/Ywhae/Tubb5/Cep76/Sfi1/Ccp110/Haus5/Fgfr1op/Haus6/Cep192/Ssna1/Cetn2/Haus7/Cep72/Cep57/Prkaca",30
"R-MMU-2559582","Senescence-Associated Secretory Phenotype (SASP)","38/1735","100/8772",1.70905732508865e-05,0.000178404657506703,0.000132171995065932,"H2bc12/H2ac4/H2ac11/H2ac15/Ube2c/H2bc13/H2ac10/H2afx/H4c9/H2bc3/Rps6ka2/Anapc5/H4c14/Cdk2/Ccna2/Hist1h2an/H2bc21/H2ac20/H3c10/H3c8/Cebpb/H3c3/H2afv/Cdc27/H4c12/H2bc7/Anapc15/Anapc16/H2ac6/Cdc23/H3f3b/Rps6ka3/H2bc4/H4c3/H2ac8/H3c1/H4c8/H3c11",38
"R-MMU-5250941","Negative epigenetic regulation of rRNA expression","29/1735","69/8772",1.85383731592713e-05,0.00019156318931247,0.000141920560070976,"H2bc12/H2ac4/H2ac11/H2ac15/H2bc13/H2ac10/H2afx/H4c9/H2bc3/H4c14/Hist1h2an/H2bc21/H2ac20/H3c10/H3c8/H3c3/H2afv/H4c12/H2bc7/Suv39h1/H2ac6/H3f3b/Sirt1/H2bc4/H4c3/H2ac8/H3c1/H4c8/H3c11",29
"R-MMU-69615","G1/S DNA Damage Checkpoints","28/1735","66/8772",2.08810260127751e-05,0.00021361289611069,0.000158256197149454,"Ccne2/Ccne1/Cdc25a/Cdk2/Ccna2/Chek1/Psmd7/Psmc5/Psmb5/Chek2/Psma4/Psmd8/Psmb7/Psma7/Psmd1/Psmd3/Psmc1/Psmc4/Psmc6/Psmc2/Psma6/Psmb2/Psma1/Psmd13/Psmd12/Psma2/Psmd14/Psmd6",28
"R-MMU-174084","Autodegradation of Cdh1 by Cdh1:APC/C","27/1735","63/8772",2.34195382795289e-05,0.000234884192744687,0.00017401514511105,"Ube2c/Anapc5/Psmd7/Psmc5/Cdc27/Psmb5/Psma4/Psmd8/Psmb7/Psma7/Psmd1/Psmd3/Psmc1/Anapc15/Psmc4/Psmc6/Psmc2/Psma6/Anapc16/Psmb2/Cdc23/Psma1/Psmd13/Psmd12/Psma2/Psmd14/Psmd6",27
"R-MMU-8878166","Transcriptional regulation by RUNX2","27/1735","63/8772",2.34195382795289e-05,0.000234884192744687,0.00017401514511105,"Cdk1/Ccnb1/Runx2/Skp2/Psmd7/Ar/Psmc5/Psmb5/Psma4/Psmd8/Psmb7/Psma7/Psmd1/Psmd3/Psmc1/Psmc4/Psmc6/Psmc2/Psma6/Psmb2/Cdk4/Psma1/Psmd13/Psmd12/Psma2/Psmd14/Psmd6",27
"R-MMU-171306","Packaging Of Telomere Ends","26/1735","60/8772",2.61384755435159e-05,0.000259608354184629,0.00019233216547094,"H2bc12/H2ac4/H2ac11/H2ac15/H2bc13/H2ac10/H2afx/H4c9/H2bc3/H4c14/Hist1h2an/H2bc21/H2ac20/H3c10/H3c8/H2afv/H4c12/H2bc7/H2ac6/Acd/H2bc4/H4c3/H2ac8/H3c1/H4c8/H3c11",26
"R-MMU-5607761","Dectin-1 mediated noncanonical NF-kB signaling","25/1735","57/8772",2.90088598169293e-05,0.000281610642370938,0.00020863267223036,"Nfkb2/Psmd7/Psmc5/Psmb5/Psma4/Psmd8/Psmb7/Psma7/Psmd1/Psmd3/Psmc1/Psmc4/Psmc6/Psmc2/Psma6/Relb/Psmb2/Uba3/Psma1/Psmd13/Psmd12/Map3k14/Psma2/Psmd14/Psmd6",25
"R-MMU-5676590","NIK-->noncanonical NF-kB signaling","25/1735","57/8772",2.90088598169293e-05,0.000281610642370938,0.00020863267223036,"Nfkb2/Psmd7/Psmc5/Psmb5/Psma4/Psmd8/Psmb7/Psma7/Psmd1/Psmd3/Psmc1/Psmc4/Psmc6/Psmc2/Psma6/Relb/Psmb2/Uba3/Psma1/Psmd13/Psmd12/Map3k14/Psma2/Psmd14/Psmd6",25
"R-MMU-174154","APC/C:Cdc20 mediated degradation of Securin","28/1735","67/8772",2.91795973522184e-05,0.000281610642370938,0.00020863267223036,"Cdc20/Ube2c/Anapc5/Psmd7/Psmc5/Cdc27/Psmb5/Psma4/Psmd8/Psmb7/Psma7/Psmd1/Psmd3/Psmc1/Anapc15/Psmc4/Psmc6/Psmc2/Psma6/Anapc16/Psmb2/Cdc23/Psma1/Psmd13/Psmd12/Psma2/Psmd14/Psmd6",28
"R-MMU-110331","Cleavage of the damaged purine","27/1735","64/8772",3.29598323407012e-05,0.000312202856338309,0.000231297069057553,"H2bc12/H2ac4/Neil3/H2ac11/H2ac15/H2bc13/H2ac10/H2afx/H4c9/H2bc3/H4c14/Hist1h2an/H2bc21/H2ac20/H3c10/H3c8/H2afv/H4c12/H2bc7/H2ac6/Acd/H2bc4/H4c3/H2ac8/H3c1/H4c8/H3c11",27
"R-MMU-73927","Depurination","27/1735","64/8772",3.29598323407012e-05,0.000312202856338309,0.000231297069057553,"H2bc12/H2ac4/Neil3/H2ac11/H2ac15/H2bc13/H2ac10/H2afx/H4c9/H2bc3/H4c14/Hist1h2an/H2bc21/H2ac20/H3c10/H3c8/H2afv/H4c12/H2bc7/H2ac6/Acd/H2bc4/H4c3/H2ac8/H3c1/H4c8/H3c11",27
"R-MMU-350562","Regulation of ornithine decarboxylase (ODC)","23/1735","51/8772",3.4993806403714e-05,0.000328428109642197,0.000243317630233454,"Psmd7/Psmc5/Psmb5/Psma4/Psmd8/Psmb7/Psma7/Psmd1/Psmd3/Psmc1/Psmc4/Azin1/Psmc6/Odc1/Psmc2/Psma6/Psmb2/Psma1/Psmd13/Psmd12/Psma2/Psmd14/Psmd6",23
"R-MMU-68827","CDT1 association with the CDC6:ORC:origin complex","25/1735","58/8772",4.15068433823978e-05,0.0003860136434563,0.000285980164931353,"Cdc6/Gmnn/Orc1/Psmd7/Psmc5/Mcm8/Psmb5/Psma4/Psmd8/Psmb7/Psma7/Psmd1/Psmd3/Psmc1/Psmc4/Psmc6/Psmc2/Psma6/Psmb2/Psma1/Psmd13/Psmd12/Psma2/Psmd14/Psmd6",25
"R-MMU-4615885","SUMOylation of DNA replication proteins","20/1735","42/8772",4.30685537614905e-05,0.000396929103585629,0.000294066938912027,"Aurkb/Top2a/Birc5/Cdca8/Ndc1/Incenp/Nup93/Nup107/Nup188/Nup133/Nup85/Pias3/Pcna/Aaas/Nup160/Nup155/Rangap1/Nup37/Top1/Nup43",20
"R-MMU-6791312","TP53 Regulates Transcription of Cell Cycle Genes","17/1735","33/8772",4.55745942043865e-05,0.000416275088134709,0.000308399509653743,"Cdk1/E2f8/Ccnb1/Aurka/Cdc25c/Ccne2/Btg2/Ccne1/Cdk2/Ccna2/E2f7/Cnot9/Sfn/Cnot6/Pcna/Cnot10/Tnks1bp1",17
"R-MMU-2565942","Regulation of PLK1 Activity at G2/M Transition","33/1735","86/8772",4.79199712683813e-05,0.000432499414043563,0.000320419383764331,"Cdk1/Ccnb2/Plk1/Ccnb1/Aurka/Haus1/Tubg1/Nek2/Alms1/Bora/Cep70/Ckap5/Cep290/Plk4/Prkar2b/Haus4/Ywhae/Tubb5/Ppp1r12a/Cep76/Sfi1/Ccp110/Haus5/Fgfr1op/Haus6/Cep192/Ssna1/Cetn2/Haus7/Cep72/Rab8a/Cep57/Prkaca",33
"R-MMU-5687128","MAPK6/MAPK4 signaling","29/1735","72/8772",4.81964156412182e-05,0.000432499414043563,0.000320419383764331,"Cdk1/Cdc42ep3/Psmd7/Psmc5/Psmb5/Psma4/Psmd8/Psmb7/Psma7/Psmd1/Psmd3/Psmc1/Dnajb1/Psmc4/Psmc6/Foxo1/Psmc2/Psma6/Psmb2/Mapk6/Psma1/Psmd13/Ccnd3/Psmd12/Psma2/Psmd14/Psmd6/Cdc14b/Prkaca",29
"R-MMU-8939902","Regulation of RUNX2 expression and activity","23/1735","52/8772",5.11158756303199e-05,0.000454709050172324,0.000336873505298218,"Runx2/Skp2/Psmd7/Psmc5/Psmb5/Psma4/Psmd8/Psmb7/Psma7/Psmd1/Psmd3/Psmc1/Psmc4/Psmc6/Psmc2/Psma6/Psmb2/Psma1/Psmd13/Psmd12/Psma2/Psmd14/Psmd6",23
"R-MMU-69166","Removal of the Flap Intermediate","9/1735","12/8772",5.58921820589193e-05,0.000492911226260987,0.000365175781147204,"Prim1/Dna2/Pola1/Rpa1/Pola2/Pold1/Prim2/Pcna/Rpa3",9
"R-MMU-351202","Metabolism of polyamines","25/1735","59/8772",5.86431651221513e-05,0.000512751777093682,0.000379874753827701,"Psmd7/Psmc5/Psmb5/Psma4/Psmd8/Psmb7/Psma7/Psmd1/Psmd3/Psmc1/Psmc4/Azin1/Psmc6/Paox/Odc1/Psmc2/Psma6/Psmb2/Smox/Psma1/Psmd13/Psmd12/Psma2/Psmd14/Psmd6",25
"R-MMU-1234176","Oxygen-dependent proline hydroxylation of Hypoxia-inducible Factor Alpha","27/1735","66/8772",6.31804183319761e-05,0.000543139226500937,0.000402387449792329,"Psmd7/Psmc5/Psmb5/Psma4/Psmd8/Psmb7/Psma7/Psmd1/Psmd3/Psmc1/Psmc4/Psmc6/Elob/Psmc2/Psma6/Egln1/Psmb2/Cul2/Limd1/Psma1/Hif1a/Psmd13/Psmd12/Psma2/Psmd14/Psmd6/Egln3",27
"R-MMU-427413","NoRC negatively regulates rRNA expression","27/1735","66/8772",6.31804183319761e-05,0.000543139226500937,0.000402387449792329,"H2bc12/H2ac4/H2ac11/H2ac15/H2bc13/H2ac10/H2afx/H4c9/H2bc3/H4c14/Hist1h2an/H2bc21/H2ac20/H3c10/H3c8/H3c3/H2afv/H4c12/H2bc7/H2ac6/H3f3b/H2bc4/H4c3/H2ac8/H3c1/H4c8/H3c11",27
"R-MMU-3214841","PKMTs methylate histone lysines","26/1735","63/8772",7.20365195426943e-05,0.000614111329101469,0.000454967491848596,"Ezh2/H4c9/H4c14/Nsd2/Nfkb2/Kmt5a/H3c10/H3c8/H3c3/Dot1l/H4c12/Smyd3/Suv39h1/Suv39h2/Nsd3/Kmt2e/Rbbp7/Setd6/Rela/H4c3/Smyd2/H3c1/Suz12/H4c8/Prdm16/H3c11",26
"R-MMU-5625886","Activated PKN1 stimulates transcription of AR (androgen receptor) regulated genes KLK2 and KLK3","28/1735","70/8772",7.49277606610848e-05,0.000633480158316444,0.000469316987176869,"H2bc12/H2ac4/H2ac11/H2ac15/H2bc13/H2ac10/H2afx/H4c9/H2bc3/H4c14/Hist1h2an/H2bc21/H2ac20/H3c10/H3c8/H3c3/Ar/H2afv/H4c12/H2bc7/H2ac6/H3f3b/H2bc4/H4c3/H2ac8/H3c1/H4c8/H3c11",28
"R-MMU-73728","RNA Polymerase I Promoter Opening","27/1735","67/8772",8.61309724933122e-05,0.000722229384103757,0.000535067301080111,"H2bc12/H2ac4/H2ac11/H2ac15/H2bc13/H2ac10/H2afx/H4c9/H2bc3/H4c14/Hist1h2an/H2bc21/H2ac20/H3c10/H3c8/H3c3/H2afv/H4c12/H2bc7/H2ac6/H3f3b/H2bc4/H4c3/H2ac8/H3c1/H4c8/H3c11",27
"R-MMU-1168372","Downstream signaling events of B Cell Receptor (BCR)","29/1735","74/8772",8.7017600802288e-05,0.000723731753014151,0.000536180338704727,"Malt1/Psmd7/Psmc5/Psmb5/Psma4/Psmd8/Psmb7/Psma7/Psmd1/Psmd3/Psmc1/Nfkbie/Psmc4/Psmc6/Psmc2/Psma6/Psmb2/Nfatc2/Rasgrp1/Rela/Psma1/Calm3/Psmd13/Psmd12/Kras/Psma2/Psmd14/Psmd6/Bcl10",29
"R-MMU-5621481","C-type lectin receptors (CLRs)","37/1735","103/8772",9.00420311692461e-05,0.00074284675714628,0.000550341786433423,"Fcer1g/Lyn/Nfkb2/Malt1/Psmd7/Raf1/Psmc5/Psmb5/Psma4/Psmd8/Psmb7/Psma7/Psmd1/Psmd3/Psmc1/Psmc4/Psmc6/Psmc2/Psma6/Relb/Psmb2/Nfatc2/Pycard/Uba3/Rela/Psma1/Calm3/Psmd13/Psmd12/Map3k14/Kras/Card9/Psma2/Psmd14/Psmd6/Bcl10/Prkaca",37
"R-MMU-5689603","UCH proteinases","35/1735","96/8772",9.81043320796422e-05,0.000789413936451748,0.000584841317328043,"H2ac4/H2ac11/H2ac15/Uchl5/H2ac10/Asxl2/Hist1h2an/Bard1/H2ac20/Psmd7/Psmc5/Psmb5/Psma4/Psmd8/Psmb7/Psma7/Psmd1/Psmd3/Psmc1/Psmc4/Psmc6/Psmc2/Psma6/H2ac6/Psmb2/Psma1/Hcfc1/Actl6a/Psmd13/Psmd12/Psma2/Psmd14/Psmd6/H2ac8/Uchl3",35
"R-MMU-3371453","Regulation of HSF1-mediated heat shock response","26/1735","64/8772",9.87732002598472e-05,0.000789413936451748,0.000584841317328043,"Hspa4l/Ndc1/Rpa1/St13/Nup93/Ywhae/Hspa1a/Nup107/Bag2/Nup188/Nup133/Nup85/Hikeshi/Sec13/Dnajb1/Aaas/Hsph1/Rpa3/Sirt1/Nup160/Dnajc2/Nup155/Mapkapk2/Nup37/Nup43/Hspa2",26
"R-MMU-69563","p53-Dependent G1 DNA Damage Response","26/1735","64/8772",9.87732002598472e-05,0.000789413936451748,0.000584841317328043,"Ccne2/Ccne1/Cdk2/Ccna2/Psmd7/Psmc5/Psmb5/Chek2/Psma4/Psmd8/Psmb7/Psma7/Psmd1/Psmd3/Psmc1/Psmc4/Psmc6/Psmc2/Psma6/Psmb2/Psma1/Psmd13/Psmd12/Psma2/Psmd14/Psmd6",26
"R-MMU-69580","p53-Dependent G1/S DNA damage checkpoint","26/1735","64/8772",9.87732002598472e-05,0.000789413936451748,0.000584841317328043,"Ccne2/Ccne1/Cdk2/Ccna2/Psmd7/Psmc5/Psmb5/Chek2/Psma4/Psmd8/Psmb7/Psma7/Psmd1/Psmd3/Psmc1/Psmc4/Psmc6/Psmc2/Psma6/Psmb2/Psma1/Psmd13/Psmd12/Psma2/Psmd14/Psmd6",26
"R-MMU-8852276","The role of GTSE1 in G2/M progression after G2 checkpoint","29/1735","75/8772",0.000115431544041438,0.000915398988793727,0.000678177982128398,"Cdk1/Ccnb2/Plk1/Ccnb1/Gtse1/Tubb2a/Psmd7/Psmc5/Psmb5/Psma4/Psmd8/Psmb7/Psma7/Psmd1/Psmd3/Psmc1/Psmc4/Psmc6/Psmc2/Psma6/Tubb3/Psmb2/Psma1/Tuba1b/Psmd13/Psmd12/Psma2/Psmd14/Psmd6",29
"R-MMU-75815","Ubiquitin-dependent degradation of Cyclin D","22/1735","51/8772",0.000117072361993458,0.000921269433225442,0.000682527130650119,"Psmd7/Psmc5/Psmb5/Psma4/Psmd8/Psmb7/Psma7/Psmd1/Psmd3/Psmc1/Psmc4/Psmc6/Psmc2/Psma6/Psmb2/Cdk4/Psma1/Psmd13/Psmd12/Psma2/Psmd14/Psmd6",22
"R-MMU-201681","TCF dependent signaling in response to WNT","66/1735","218/8772",0.00012060582078223,0.000941830188245967,0.000697759670254768,"H2bc12/H2ac4/Pip5k1b/Sox4/H2ac11/H2ac15/H2bc13/Lef1/H2ac10/H2afx/H4c9/Tcf7/H2bc3/Bcl9/H4c14/Hist1h2an/H2bc21/H2ac20/Ppp2r5d/H3c10/H3c8/Psmd7/H3c3/Psmc5/Fzd5/H2afv/Psmb5/H4c12/Znrf3/Psma4/Psmd8/Psmb7/Psma7/Tle4/Psmd1/Psmd3/H2bc7/Rnf146/Psmc1/Psmc4/Psmc6/Ppp2r1b/Psmc2/Tle3/Psma6/Lrp5/H2ac6/Psmb2/H3f3b/Tcf7l1/H2bc4/Psma1/Frat1/Psmd13/Psmd12/Hdac1/H4c3/Psma2/Psmd14/Psmd6/Cby1/Leo1/H2ac8/H3c1/H4c8/H3c11",66
"R-MMU-5607764","CLEC7A (Dectin-1) signaling","32/1735","86/8772",0.000123591750671298,0.000957836067702556,0.000709617707203623,"Nfkb2/Malt1/Psmd7/Psmc5/Psmb5/Psma4/Psmd8/Psmb7/Psma7/Psmd1/Psmd3/Psmc1/Psmc4/Psmc6/Psmc2/Psma6/Relb/Psmb2/Nfatc2/Pycard/Uba3/Rela/Psma1/Calm3/Psmd13/Psmd12/Map3k14/Card9/Psma2/Psmd14/Psmd6/Bcl10",32
"R-MMU-5668541","TNFR2 non-canonical NF-kB pathway","35/1735","97/8772",0.000124750690148694,0.000959548541519657,0.000710886402113652,"Tnfrsf18/Tnfsf14/Ltb/Nfkb2/Psmd7/Tnfrsf1a/Psmc5/Tnfsf11/Psmb5/Psma4/Psmd8/Psmb7/Psma7/Tnfsf4/Psmd1/Psmd3/Psmc1/Psmc4/Psmc6/Psmc2/Psma6/Relb/Psmb2/Uba3/Psma1/Birc3/Psmd13/Psmd12/Map3k14/Psma2/Psmd14/Psmd6/Tnfrsf9/Tnfrsf13b/Tnfrsf25",35
"R-MMU-5617833","Cilium Assembly","61/1735","198/8772",0.000125745835246981,0.000959984995952701,0.000711209751593296,"Cdk1/Plk1/Haus1/Tubg1/Lztfl1/Nek2/Tubb2a/Cep83/Cep97/Alms1/Cep70/Smo/Ckap5/Cep290/Tcp1/Plk4/Prkar2b/Kif3a/Haus4/Ywhae/Tubb5/Cep76/Ift57/Kifap3/Sfi1/Pkd1/Kif24/Ccp110/Haus5/Fgfr1op/Haus6/Cct5/Ift80/Cct2/Tubb3/Bbs12/Arl3/Arl13b/Cep192/Cct8/Wdr60/Ift74/Ssna1/Cetn2/Ift122/Tuba1b/Ift22/Rab3ip/Haus7/Ift172/Cep72/Wdr35/Asap1/Rab8a/Arl6/Ift27/Cep57/Tmem67/Unc119b/Ift81/Prkaca",61
"R-MMU-5633007","Regulation of TP53 Activity","48/1735","147/8772",0.000140241858053769,0.00106272163547411,0.000787322711880807,"Aurkb/Cdk1/Exo1/Tpx2/Aurka/Dna2/Nbn/Mapk11/Sgk1/Cdk2/Blm/Brca1/Ccna2/Rfc4/Brip1/Prmt5/Rpa1/Bard1/Supt16/Chek1/Kmt5a/Rfc5/Hipk1/Chek2/Rfc3/Ccng1/Meaf6/Topbp1/Akt3/Ppp2r1b/Ssrp1/Rbbp7/Trp53inp1/Dyrk2/Rpa3/Hdac2/Taf9b/Wrn/Rbbp8/Rfc2/Brpf3/Rad9b/Taf12/Hdac1/Prkab2/Taf4b/Smyd2/Jmy",48
"R-MMU-380259","Loss of Nlp from mitotic centrosomes","27/1735","69/8772",0.000155506751401621,0.00116119274951721,0.000860275535990527,"Cdk1/Plk1/Haus1/Tubg1/Nek2/Alms1/Cep70/Ckap5/Cep290/Plk4/Prkar2b/Haus4/Ywhae/Tubb5/Cep76/Sfi1/Ccp110/Haus5/Fgfr1op/Haus6/Cep192/Ssna1/Cetn2/Haus7/Cep72/Cep57/Prkaca",27
"R-MMU-380284","Loss of proteins required for interphase microtubule organization from the centrosome","27/1735","69/8772",0.000155506751401621,0.00116119274951721,0.000860275535990527,"Cdk1/Plk1/Haus1/Tubg1/Nek2/Alms1/Cep70/Ckap5/Cep290/Plk4/Prkar2b/Haus4/Ywhae/Tubb5/Cep76/Sfi1/Ccp110/Haus5/Fgfr1op/Haus6/Cep192/Ssna1/Cetn2/Haus7/Cep72/Cep57/Prkaca",27
"R-MMU-5696397","Gap-filling DNA repair synthesis and ligation in GG-NER","12/1735","21/8772",0.000170125683198504,0.00126114908631934,0.000934328694911692,"Pole2/Pole/Rfc4/Rpa1/Rfc1/Rfc5/Pold1/Rfc3/Pole3/Pcna/Rpa3/Rfc2",12
"R-MMU-1236978","Cross-presentation of soluble exogenous antigens (endosomes)","21/1735","49/8772",0.000186165728400161,0.00136661514981284,0.00101246376278772,"Psmd7/Psmc5/Psmb5/Psma4/Psmd8/Psmb7/Psma7/Psmd1/Psmd3/Psmc1/Psmc4/Psmc6/Psmc2/Psma6/Psmb2/Psma1/Psmd13/Psmd12/Psma2/Psmd14/Psmd6",21
"R-MMU-2559580","Oxidative Stress Induced Senescence","38/1735","110/8772",0.00018702455618162,0.00136661514981284,0.00101246376278772,"H2bc12/H2ac4/H2ac11/H2ac15/H2bc13/Ezh2/H2ac10/H2afx/H4c9/Mapk11/H2bc3/H4c14/Hist1h2an/H2bc21/H2ac20/H3c10/Map4k4/H3c8/H3c3/H2afv/H4c12/Mapk8/Fos/H2bc7/Phc3/Cbx4/Rbbp7/H2ac6/H3f3b/Jun/H2bc4/H4c3/H2ac8/Mapkapk2/H3c1/Suz12/H4c8/H3c11",38
"R-MMU-1234174","Cellular response to hypoxia","27/1735","70/8772",0.000206102861866608,0.00149534204035135,0.00110783173231772,"Psmd7/Psmc5/Psmb5/Psma4/Psmd8/Psmb7/Psma7/Psmd1/Psmd3/Psmc1/Psmc4/Psmc6/Elob/Psmc2/Psma6/Egln1/Psmb2/Cul2/Limd1/Psma1/Hif1a/Psmd13/Psmd12/Psma2/Psmd14/Psmd6/Egln3",27
"R-MMU-1169091","Activation of NF-kappaB in B cells","25/1735","63/8772",0.000208205965370579,0.00149996269418382,0.00111125496713727,"Malt1/Psmd7/Psmc5/Psmb5/Psma4/Psmd8/Psmb7/Psma7/Psmd1/Psmd3/Psmc1/Nfkbie/Psmc4/Psmc6/Psmc2/Psma6/Psmb2/Rela/Psma1/Psmd13/Psmd12/Psma2/Psmd14/Psmd6/Bcl10",25
"R-MMU-5693571","Nonhomologous End-Joining (NHEJ)","26/1735","67/8772",0.000239682426635376,0.00171465120593,0.00127030803958388,"H2bc12/H2bc13/H2afx/H4c9/Nbn/H2bc3/H4c14/Brca1/H2bc21/Nsd2/Bard1/H3c10/H3c8/H4c12/H2bc7/Trp53bp1/Xrcc6/H2bc4/Uimc1/Paxip1/H4c3/Rnf168/H3c1/Xrcc5/H4c8/H3c11",26
"R-MMU-195253","Degradation of beta-catenin by the destruction complex","29/1735","78/8772",0.000256857158664243,0.00181217154009325,0.00134255647359895,"Lef1/Tcf7/Ppp2r5d/Psmd7/Psmc5/Psmb5/Psma4/Psmd8/Psmb7/Psma7/Tle4/Psmd1/Psmd3/Psmc1/Psmc4/Psmc6/Ppp2r1b/Psmc2/Tle3/Psma6/Psmb2/Tcf7l1/Psma1/Frat1/Psmd13/Psmd12/Psma2/Psmd14/Psmd6",29
"R-MMU-8878159","Transcriptional regulation by RUNX3","29/1735","78/8772",0.000256857158664243,0.00181217154009325,0.00134255647359895,"Lef1/Tcf7/Maml3/Psmd7/Notch1/Psmc5/Psmb5/Psma4/Psmd8/Psmb7/Psma7/Psmd1/Psmd3/Psmc1/Psmc4/Psmc6/Maml2/Psmc2/Psma6/Psmb2/Rbpj/Tcf7l1/Psma1/Psmd13/Psmd12/Kras/Psma2/Psmd14/Psmd6",29
"R-MMU-73929","Base-Excision Repair, AP Site Formation","27/1735","71/8772",0.000270797612711371,0.00189743806714885,0.00140572661248873,"H2bc12/H2ac4/Neil3/H2ac11/H2ac15/H2bc13/H2ac10/H2afx/H4c9/H2bc3/H4c14/Hist1h2an/H2bc21/H2ac20/H3c10/H3c8/H2afv/H4c12/H2bc7/H2ac6/Acd/H2bc4/H4c3/H2ac8/H3c1/H4c8/H3c11",27
"R-MMU-73772","RNA Polymerase I Promoter Escape","33/1735","93/8772",0.000276092270220218,0.00192137681928764,0.00142346175838566,"H2bc12/H2ac4/H2ac11/H2ac15/H2bc13/H2ac10/H2afx/H4c9/H2bc3/H4c14/Hist1h2an/H2bc21/H2ac20/H3c10/H3c8/H3c3/H2afv/H4c12/Gtf2h4/H2bc7/H2ac6/H3f3b/H2bc4/Polr1a/Taf1d/H4c3/Polr1e/H2ac8/Gtf2h1/H3c1/Mnat1/H4c8/H3c11",33
"R-MMU-1852241","Organelle biogenesis and maintenance","66/1735","224/8772",0.000286721556261165,0.00198186589226467,0.00146827539479402,"Cdk1/Plk1/Haus1/Tubg1/Lztfl1/Nek2/Tubb2a/Cep83/Cep97/Alms1/Sirt3/Cep70/Smo/Ckap5/Cep290/Tcp1/Plk4/Prkar2b/Kif3a/Haus4/Ywhae/Tubb5/Cep76/Ift57/Kifap3/Sfi1/Pkd1/Kif24/Ccp110/Haus5/Fgfr1op/Haus6/Cct5/Ift80/Cct2/Tubb3/Bbs12/Arl3/Arl13b/Cep192/Cct8/Wdr60/Ift74/Ssna1/Cetn2/Ift122/Idh2/Tuba1b/Atp5a1/Ift22/Rab3ip/Haus7/Ift172/Cep72/Wdr35/Asap1/Sirt4/Rab8a/Arl6/Ift27/Cep57/Tmem67/Unc119b/Ift81/Prkaca/Atp5k",66
"R-MMU-3301854","Nuclear Pore Complex (NPC) Disassembly","15/1735","31/8772",0.000313363532815575,0.00215148251053915,0.0015939367264374,"Cdk1/Ccnb2/Ccnb1/Ndc1/Nup93/Nup107/Nup188/Nup133/Nup85/Sec13/Aaas/Nup160/Nup155/Nup37/Nup43",15
"R-MMU-8878171","Transcriptional regulation by RUNX1","59/1735","196/8772",0.000320465268825125,0.00218557313338735,0.00161919293722169,"H2bc12/H2ac4/Cdk6/H2ac11/H2ac15/H2bc13/H2ac10/H2afx/H4c9/H2bc3/H4c14/Smarcc1/Hist1h2an/H2bc21/H2ac20/H3c10/H3c8/Psmd7/H3c3/Psmc5/H2afv/Psmb5/H4c12/Psma4/Psmd8/Psmb7/Psma7/Psmd1/4930486L24Rik/Psmd3/H2bc7/Psmc1/Phc3/Psmc4/Psmc6/Zfpm1/Psmc2/Cbx4/Psma6/Kmt2e/H2ac6/Psmb2/H3f3b/H2bc4/Psma1/Actl6a/Psmd13/Ccnd3/Psmd12/Hdac1/H4c3/Psma2/Psmd14/Psmd6/H2ac8/H3c1/Mnat1/H4c8/H3c11",59
"R-MMU-5658442","Regulation of RAS by GAPs","25/1735","65/8772",0.00036855345772775,0.00249688865732112,0.00184983262156835,"Psmd7/Psmc5/Rasal3/Psmb5/Psma4/Psmd8/Psmb7/Psma7/Psmd1/Psmd3/Psmc1/Rasa2/Psmc4/Psmc6/Psmc2/Psma6/Psmb2/Psma1/Psmd13/Psmd12/Kras/Psma2/Psmd14/Psmd6/Nf1",25
"R-MMU-73854","RNA Polymerase I Promoter Clearance","37/1735","110/8772",0.000411824435216437,0.00276784189292368,0.0020505696999589,"H2bc12/H2ac4/H2ac11/H2ac15/H2bc13/H2ac10/H2afx/H4c9/H2bc3/H4c14/Hist1h2an/H2bc21/H2ac20/H3c10/H3c8/H3c3/H2afv/H4c12/Gtf2h4/H2bc7/Rbbp7/H2ac6/Hdac2/H3f3b/Mta3/H2bc4/Polr1a/Taf1d/Hdac1/H4c3/Polr1e/H2ac8/Gtf2h1/H3c1/Mnat1/H4c8/H3c11",37
"R-MMU-2980766","Nuclear Envelope Breakdown","20/1735","48/8772",0.000413958758179202,0.00276784189292368,0.0020505696999589,"Cdk1/Ccnb2/Plk1/Ccnb1/Lmnb1/Ndc1/Nup93/Nup107/Vrk1/Nup188/Nup133/Nup85/Sec13/Aaas/Banf1/Nup160/Nup155/Lpin2/Nup37/Nup43",20
"R-MMU-4641257","Degradation of AXIN","22/1735","55/8772",0.000431482818734625,0.00284778660364852,0.00210979714423721,"Psmd7/Psmc5/Psmb5/Psma4/Psmd8/Psmb7/Psma7/Psmd1/Psmd3/Rnf146/Psmc1/Psmc4/Psmc6/Psmc2/Psma6/Psmb2/Psma1/Psmd13/Psmd12/Psma2/Psmd14/Psmd6",22
"R-MMU-8854050","FBXL7 down-regulates AURKA during mitotic entry and in early mitosis","22/1735","55/8772",0.000431482818734625,0.00284778660364852,0.00210979714423721,"Aurka/Psmd7/Psmc5/Psmb5/Psma4/Psmd8/Psmb7/Psma7/Psmd1/Psmd3/Psmc1/Psmc4/Psmc6/Psmc2/Psma6/Psmb2/Psma1/Psmd13/Psmd12/Psma2/Psmd14/Psmd6",22
"R-MMU-8936459","RUNX1 regulates genes involved in megakaryocyte differentiation and platelet function","30/1735","84/8772",0.000453389568184893,0.00297318928367401,0.00220270235555414,"H2bc12/H2ac4/H2ac11/H2ac15/H2bc13/H2ac10/H2afx/H4c9/H2bc3/H4c14/Hist1h2an/H2bc21/H2ac20/H3c10/H3c8/H3c3/H2afv/H4c12/H2bc7/Zfpm1/Kmt2e/H2ac6/H3f3b/H2bc4/Hdac1/H4c3/H2ac8/H3c1/H4c8/H3c11",30
"R-MMU-73933","Resolution of Abasic Sites (AP sites)","15/1735","32/8772",0.000482914048858881,0.00314663103173653,0.00233119755399527,"Lig1/Pole2/Pole/Rfc4/Rpa1/Rfc1/Rfc5/Pold1/Rfc3/Pole3/Pcna/Rpa3/Apex1/Rfc2/Parp2",15
"R-MMU-349425","Autodegradation of the E3 ubiquitin ligase COP1","21/1735","52/8772",0.000497122439884585,0.00319846701888006,0.00236960050789077,"Psmd7/Psmc5/Psmb5/Psma4/Psmd8/Psmb7/Psma7/Psmd1/Psmd3/Psmc1/Psmc4/Psmc6/Psmc2/Psma6/Psmb2/Psma1/Psmd13/Psmd12/Psma2/Psmd14/Psmd6",21
"R-MMU-983189","Kinesins","21/1735","52/8772",0.000497122439884585,0.00319846701888006,0.00236960050789077,"Kif22/Kif15/Kif11/Kif18b/Cenpe/Racgap1/Kif20a/Kif4/Kif18a/Kif23/Kif20b/Kifc1/Tubb2a/Kif2c/Kifc5b/Kif3a/Kifap3/Kif13b/Klc4/Tubb3/Tuba1b",21
"R-MMU-73864","RNA Polymerase I Transcription","37/1735","111/8772",0.00050219076848811,0.00321088222602085,0.00237879837704894,"H2bc12/H2ac4/H2ac11/H2ac15/H2bc13/H2ac10/H2afx/H4c9/H2bc3/H4c14/Hist1h2an/H2bc21/H2ac20/H3c10/H3c8/H3c3/H2afv/H4c12/Gtf2h4/H2bc7/Rbbp7/H2ac6/Hdac2/H3f3b/Mta3/H2bc4/Polr1a/Taf1d/Hdac1/H4c3/Polr1e/H2ac8/Gtf2h1/H3c1/Mnat1/H4c8/H3c11",37
"R-MMU-110314","Recognition of DNA damage by PCNA-containing replication complex","14/1735","29/8772",0.000511206997291054,0.00324822831197981,0.00240646641418476,"Pole2/Dtl/Pole/Rfc4/Rpa1/Rfc1/Rfc5/Pold1/Rfc3/Usp1/Pole3/Pcna/Rpa3/Rfc2",14
"R-MMU-75035","Chk1/Chk2(Cds1) mediated inactivation of Cyclin B:Cdk1 complex","8/1735","12/8772",0.000531498406676775,0.00335522632250099,0.00248573643278357,"Cdk1/Ccnb1/Cdc25c/Wee1/Ywhae/Chek2/Sfn/Ywhab",8
"R-MMU-5620912","Anchoring of the basal body to the plasma membrane","33/1735","96/8772",0.000534605953634078,0.00335522632250099,0.00248573643278357,"Cdk1/Plk1/Haus1/Tubg1/Nek2/Cep83/Cep97/Alms1/Cep70/Ckap5/Cep290/Plk4/Prkar2b/Haus4/Ywhae/Tubb5/Cep76/Sfi1/Kif24/Ccp110/Haus5/Fgfr1op/Haus6/Cep192/Ssna1/Cetn2/Rab3ip/Haus7/Cep72/Rab8a/Cep57/Tmem67/Prkaca",33
"R-MMU-450408","AUF1 (hnRNP D0) binds and destabilizes mRNA","22/1735","56/8772",0.00057976177680534,0.00359452301619311,0.00266302060159391,"Psmd7/Psmc5/Hspa1a/Psmb5/Psma4/Psmd8/Psmb7/Psma7/Psmd1/Psmd3/Psmc1/Psmc4/Psmc6/Psmc2/Psma6/Psmb2/Psma1/Psmd13/Psmd12/Psma2/Psmd14/Psmd6",22
"R-MMU-69541","Stabilization of p53","22/1735","56/8772",0.00057976177680534,0.00359452301619311,0.00266302060159391,"Psmd7/Psmc5/Psmb5/Chek2/Psma4/Psmd8/Psmb7/Psma7/Psmd1/Psmd3/Psmc1/Psmc4/Psmc6/Psmc2/Psma6/Psmb2/Psma1/Psmd13/Psmd12/Psma2/Psmd14/Psmd6",22
"R-MMU-380320","Recruitment of NuMA to mitotic centrosomes","31/1735","89/8772",0.000602913908893737,0.00371554776384514,0.00275268239951484,"Cdk1/Plk1/Haus1/Tubg1/Nek2/Tubb2a/Alms1/Cep70/Ckap5/Cep290/Plk4/Prkar2b/Haus4/Ywhae/Tubb5/Cep76/Sfi1/Ccp110/Haus5/Fgfr1op/Haus6/Tubb3/Cep192/Ssna1/Cetn2/Tuba1b/Haus7/Cep72/Tubg2/Cep57/Prkaca",31
"R-MMU-380270","Recruitment of mitotic centrosome proteins and complexes","28/1735","78/8772",0.000631035649023252,0.0038425563628023,0.00284677736401467,"Cdk1/Plk1/Haus1/Tubg1/Nek2/Alms1/Cep70/Ckap5/Cep290/Plk4/Prkar2b/Haus4/Ywhae/Tubb5/Cep76/Sfi1/Ccp110/Haus5/Fgfr1op/Haus6/Cep192/Ssna1/Cetn2/Haus7/Cep72/Tubg2/Cep57/Prkaca",28
"R-MMU-380287","Centrosome maturation","28/1735","78/8772",0.000631035649023252,0.0038425563628023,0.00284677736401467,"Cdk1/Plk1/Haus1/Tubg1/Nek2/Alms1/Cep70/Ckap5/Cep290/Plk4/Prkar2b/Haus4/Ywhae/Tubb5/Cep76/Sfi1/Ccp110/Haus5/Fgfr1op/Haus6/Cep192/Ssna1/Cetn2/Haus7/Cep72/Tubg2/Cep57/Prkaca",28
"R-MMU-194840","Rho GTPase cycle","41/1735","128/8772",0.000649783619117142,0.00393330557607596,0.00291400937878756,"Rhoc/Racgap1/Arhgap11a/Ect2/Sos2/Arhgap29/Rhob/Arhgap19/Arap3/Rhoq/Prex1/Arhgap26/Srgap3/Depdc1b/Arhgef39/Arhgef11/Rhod/Arhgef3/Itsn1/Tagap/Vav3/Rhof/Arhgap9/Net1/Plekhg5/Arhgap32/Syde2/Akap13/Arhgef17/Arhgap39/Arhgap24/Arhgap17/Pik3r2/Arhgap12/Trio/Rasgrf2/Plekhg2/Arhgap30/Arhgap21/Ralbp1/Arhgap31",41
"R-MMU-8941858","Regulation of RUNX3 expression and activity","21/1735","53/8772",0.000672004335492827,0.00403107338833294,0.00298644115820313,"Psmd7/Psmc5/Psmb5/Psma4/Psmd8/Psmb7/Psma7/Psmd1/Psmd3/Psmc1/Psmc4/Psmc6/Psmc2/Psma6/Psmb2/Psma1/Psmd13/Psmd12/Psma2/Psmd14/Psmd6",21
"R-MMU-3371556","Cellular response to heat stress","29/1735","82/8772",0.000673815786319582,0.00403107338833294,0.00298644115820313,"Hspa4l/Ndc1/Rpa1/St13/Nup93/Ywhae/Hspa1a/Nup107/Vcp/Bag2/Nup188/Nup133/Nup85/Hikeshi/Sec13/Dnajb1/Aaas/Hsph1/Rpa3/Sirt1/Nup160/Dnajc2/Nup155/Camk2g/Mapkapk2/Nup37/Nup43/Hspa2/Camk2b",29
"R-MMU-110312","Translesion synthesis by REV1","9/1735","15/8772",0.000712132692945696,0.00421626805941901,0.00312364356925625,"Rfc4/Rpa1/Rfc1/Rfc5/Rfc3/Pcna/Rpa3/Rfc2/Mad2l2",9
"R-MMU-450531","Regulation of mRNA stability by proteins that bind AU-rich elements","30/1735","86/8772",0.000713015028621201,0.00421626805941901,0.00312364356925625,"Zfp36/Psmd7/Psmc5/Hspa1a/Psmb5/Psma4/Psmd8/Psmb7/Psma7/Psmd1/Psmd3/Psmc1/Ywhab/Psmc4/Psmc6/Psmc2/Psma6/Psmb2/Exosc8/Exosc2/Psma1/Set/Psmd13/Dis3/Psmd12/Psma2/Psmd14/Psmd6/Dcp2/Mapkapk2",30
"R-MMU-159227","Transport of the SLBP independent Mature mRNA","15/1735","33/8772",0.000725018218220486,0.00426260711057217,0.00315797409025257,"Ndc1/Nup93/Eif4e/Nup107/Ncbp2/Nup188/Nup133/Nup85/Sec13/Ncbp1/Aaas/Nup160/Nup155/Nup37/Nup43",15
"R-MMU-5610785","GLI3 is processed to GLI3R by the proteasome","22/1735","57/8772",0.000770380876092949,0.00450342649281764,0.00333638635059804,"Psmd7/Psmc5/Psmb5/Psma4/Psmd8/Psmb7/Psma7/Psmd1/Psmd3/Psmc1/Psmc4/Psmc6/Psmc2/Psma6/Psmb2/Psma1/Psmd13/Psmd12/Psma2/Psmd14/Psmd6/Prkaca",22
"R-MMU-110320","Translesion Synthesis by POLH","10/1735","18/8772",0.000819786349310455,0.00476500815536702,0.00353018045157612,"Rfc4/Rpa1/Rfc1/Rfc5/Vcp/Rfc3/Pcna/Rpa3/Rfc2/Polh",10
"R-MMU-5693606","DNA Double Strand Break Response","27/1735","76/8772",0.000940735895076449,0.00543713458001812,0.00402812872111236,"H2bc12/H2bc13/H2afx/H4c9/Nbn/Kpna2/H2bc3/H4c14/Brca1/H2bc21/Nsd2/Bard1/H3c10/H3c8/H4c12/Chek2/Eya2/Mapk8/H2bc7/Trp53bp1/H2bc4/Uimc1/H4c3/Rnf168/H3c1/H4c8/H3c11",27
"R-MMU-202403","TCR signaling","33/1735","99/8772",0.000986999270463075,0.00567247333530183,0.00420248063118518,"Ptpn22/Cd101/Malt1/Psmd7/Cd4/Psmc5/Psmb5/Ptprc/Psma4/Psmd8/Psmb7/Psma7/Psmd1/Psmd3/Psmc1/Fyb/Psmc4/Psmc6/Cd3e/Psmc2/Psma6/Psmb2/Nck1/Rela/Psma1/Pik3r2/Psmd13/Psmd12/Psma2/Psmd14/Psmd6/Cd247/Bcl10",33
"R-MMU-159230","Transport of the SLBP Dependant Mature mRNA","15/1735","34/8772",0.00106275325015068,0.00604676836286625,0.004479779000117,"Ndc1/Nup93/Eif4e/Nup107/Ncbp2/Nup188/Nup133/Nup85/Sec13/Ncbp1/Aaas/Nup160/Nup155/Nup37/Nup43",15
"R-MMU-2454202","Fc epsilon receptor (FCERI) signaling","37/1735","115/8772",0.00106394751252779,0.00604676836286625,0.004479779000117,"Fcer1g/Lyn/Malt1/Psmd7/Psmc5/Psmb5/Mapk8/Psma4/Psmd8/Psmb7/Tec/Psma7/Vav3/Psmd1/Fos/Psmd3/Txk/Psmc1/Psmc4/Psmc6/Psmc2/Psma6/Psmb2/Nfatc2/Jun/Rela/Psma1/Pik3r2/Calm3/Psmd13/Psmd12/Kras/Psma2/Psmd14/Psmd6/Lat2/Bcl10",37
"R-MMU-2871837","FCERI mediated NF-kB activation","26/1735","73/8772",0.00111170580277078,0.00628328749300833,0.00465500539688841,"Fcer1g/Lyn/Malt1/Psmd7/Psmc5/Psmb5/Psma4/Psmd8/Psmb7/Psma7/Psmd1/Psmd3/Psmc1/Psmc4/Psmc6/Psmc2/Psma6/Psmb2/Rela/Psma1/Psmd13/Psmd12/Psma2/Psmd14/Psmd6/Bcl10",26
"R-MMU-4608870","Asymmetric localization of PCP proteins","23/1735","62/8772",0.00112127497956285,0.006302551121389,0.0046692769536452,"Psmd7/Psmc5/Fzd5/Psmb5/Psma4/Psmd8/Psmb7/Psma7/Psmd1/Psmd3/Psmc1/Psmc4/Psmc6/Prickle1/Psmc2/Psma6/Psmb2/Psma1/Psmd13/Psmd12/Psma2/Psmd14/Psmd6",23
"R-MMU-5656169","Termination of translesion DNA synthesis","14/1735","31/8772",0.00117451464306225,0.0065657293981021,0.00486425391432167,"Pclaf/Pole2/Pole/Rfc4/Rpa1/Rfc1/Rfc5/Pold1/Rfc3/Pole3/Pcna/Rpa3/Rfc2/Polh",14
"R-MMU-2132295","MHC class II antigen presentation","34/1735","104/8772",0.00122342933525312,0.00680200114110839,0.00503929703307922,"Kif22/Kif15/Kif11/Lgmn/Cenpe/Racgap1/Kif20a/Kif4/Kif18a/Kif23/Tubb2a/Ctsd/Kif2c/H2-Oa/Kif3a/Ifi30/Osbpl1a/Ctsh/Kifap3/Ap1s1/4930486L24Rik/Ap1b1/Sec13/Klc4/Ap2s1/Tubb3/Ctse/Ap2a2/Lag3/Tuba1b/Canx/H2-Ob/Ap1s2/Ctso",34
"R-MMU-3214847","HATs acetylate histones","25/1735","70/8772",0.00131386879664349,0.00726533934576373,0.00538256349122795,"H2bc13/H4c9/H2bc3/H4c14/H2bc21/H3c10/H3c8/Jade2/H3c3/H4c12/H2bc18/Hat1/Meaf6/H2bc7/Rbbp7/Kansl2/Jade3/H2bc4/Hcfc1/Brpf3/H4c3/Msl3/H3c1/H4c8/H3c11",25
"R-MMU-5655862","Translesion synthesis by POLK","9/1735","16/8772",0.00134309130740391,0.00732098290692083,0.00542378730563667,"Rfc4/Rpa1/Rfc1/Rfc5/Rfc3/Pcna/Rpa3/Rfc2/Mad2l2",9
"R-MMU-5656121","Translesion synthesis by POLI","9/1735","16/8772",0.00134309130740391,0.00732098290692083,0.00542378730563667,"Rfc4/Rpa1/Rfc1/Rfc5/Rfc3/Pcna/Rpa3/Rfc2/Mad2l2",9
"R-MMU-110313","Translesion synthesis by Y family DNA polymerases bypasses lesions on DNA template","16/1735","38/8772",0.00134540057331487,0.00732098290692083,0.00542378730563667,"Pclaf/Pole2/Pole/Rfc4/Rpa1/Rfc1/Rfc5/Vcp/Pold1/Rfc3/Pole3/Pcna/Rpa3/Rfc2/Polh/Mad2l2",16
"R-MMU-202424","Downstream TCR signaling","28/1735","82/8772",0.00153691913483958,0.00831887976159204,0.0061630842499833,"Malt1/Psmd7/Cd4/Psmc5/Psmb5/Psma4/Psmd8/Psmb7/Psma7/Psmd1/Psmd3/Psmc1/Psmc4/Psmc6/Cd3e/Psmc2/Psma6/Psmb2/Rela/Psma1/Pik3r2/Psmd13/Psmd12/Psma2/Psmd14/Psmd6/Cd247/Bcl10",28
"R-MMU-5610780","Degradation of GLI1 by the proteasome","21/1735","56/8772",0.00154909437271595,0.00834065022783377,0.00617921301027969,"Psmd7/Psmc5/Psmb5/Psma4/Psmd8/Psmb7/Psma7/Psmd1/Psmd3/Psmc1/Psmc4/Psmc6/Psmc2/Psma6/Psmb2/Psma1/Psmd13/Psmd12/Psma2/Psmd14/Psmd6",21
"R-MMU-5693565","Recruitment and ATM-mediated phosphorylation of repair and signaling proteins at DNA double strand breaks","26/1735","75/8772",0.00174339453805467,0.00933765765670117,0.00691785101900997,"H2bc12/H2bc13/H2afx/H4c9/Nbn/H2bc3/H4c14/Brca1/H2bc21/Nsd2/Bard1/H3c10/H3c8/H4c12/Chek2/Eya2/Mapk8/H2bc7/Trp53bp1/H2bc4/Uimc1/H4c3/Rnf168/H3c1/H4c8/H3c11",26
"R-MMU-8948751","Regulation of PTEN stability and activity","24/1735","68/8772",0.00195803090795726,0.0104326334314598,0.0077290693735155,"Psmd7/Psmc5/Psmb5/Psma4/Psmd8/Psmb7/Psma7/Psmd1/Psmd3/Rnf146/Akt3/Psmc1/Psmc4/Psmc6/Psmc2/Psma6/Psmb2/Psma1/Psmd13/Psmd12/Psma2/Psmd14/Psmd6/Nedd4",24
"R-MMU-4641258","Degradation of DVL","21/1735","57/8772",0.0020033439124127,0.0106187607378145,0.00786696273213605,"Psmd7/Psmc5/Psmb5/Psma4/Psmd8/Psmb7/Psma7/Psmd1/Psmd3/Psmc1/Psmc4/Psmc6/Psmc2/Psma6/Psmb2/Psma1/Psmd13/Psmd12/Psma2/Psmd14/Psmd6",21
"R-MMU-3108214","SUMOylation of DNA damage response and repair proteins","25/1735","72/8772",0.00206630236433401,0.0108401400959677,0.00803097275206742,"Ndc1/Blm/Brca1/Rpa1/Nup93/Nup107/Smc5/Nup188/Nup133/Nup85/Sec13/Phc3/Pcgf2/Cbx4/Aaas/Smc1a/Rad21/Cetn2/Nup160/Nup155/Sp100/Smc6/Rnf168/Nup37/Nup43",25
"R-MMU-3214858","RMTs methylate histone arginines","25/1735","72/8772",0.00206630236433401,0.0108401400959677,0.00803097275206742,"H2ac4/H2ac11/H2ac15/H2ac10/H4c9/H4c14/Smarcc1/Hist1h2an/Prmt5/H2ac20/Dnmt3a/H3c10/H3c8/H3c3/H4c12/Rbbp7/H2ac6/Cdk4/Actl6a/H4c3/Prmt7/H2ac8/H3c1/H4c8/H3c11",25
"R-MMU-5689880","Ub-specific processing proteases","52/1735","181/8772",0.00222536693910561,0.0116150529525767,0.00860507087087026,"H2ac4/H2ac11/Cdc20/H2ac15/H2ac10/Clspn/Cdc25a/Usp20/Skp2/Ccna2/Hist1h2an/H2ac20/Usp48/Smad7/Psmd7/Ar/Psmc5/Adrb2/Psmb5/Psma4/Psmd8/Psmb7/Psma7/Usp24/Psmd1/Rnf128/Psmd3/Rnf146/Psmc1/Tgfbr1/Ccp110/Psmc4/Psmc6/Psmc2/Psma6/H2ac6/Psmb2/Myc/Taf9b/Usp28/Psma1/Usp14/Vdac3/Hif1a/Birc3/Psmd13/Psmd12/Psma2/Tada3/Psmd14/Psmd6/H2ac8",52
"R-MMU-4551638","SUMOylation of chromatin organization proteins","23/1735","65/8772",0.00231884822568343,0.0120415316491073,0.00892102977553871,"H4c9/H4c14/Ndc1/Nup93/Nup107/H4c12/Nup188/Nup133/Nup85/Sec13/Phc3/Pcgf2/Cbx4/Aaas/Hdac2/Nup160/Nup155/Hdac1/H4c3/Suz12/Nup37/H4c8/Nup43",23
"R-MMU-141405","Inhibition of the proteolytic activity of APC/C required for the onset of anaphase by mitotic spindle checkpoint components","10/1735","20/8772",0.00234997740092351,0.0120805370911796,0.0089499271550644,"Bub1b/Cdc20/Ube2c/Mad2l1/Anapc5/Cdc27/Anapc15/Bub3/Anapc16/Cdc23",10
"R-MMU-141430","Inactivation of APC/C via direct inhibition of the APC/C complex","10/1735","20/8772",0.00234997740092351,0.0120805370911796,0.0089499271550644,"Bub1b/Cdc20/Ube2c/Mad2l1/Anapc5/Cdc27/Anapc15/Bub3/Anapc16/Cdc23",10
"R-MMU-5610787","Hedgehog 'off' state","33/1735","104/8772",0.00249088181043515,0.0126760000701625,0.00939107892217623,"Adcy6/Tubb2a/Smo/Psmd7/Prkar2b/Kif3a/Psmc5/Psmb5/Ift57/Psma4/Psmd8/Psmb7/Psma7/Psmd1/Psmd3/Psmc1/Psmc4/Psmc6/Psmc2/Psma6/Tubb3/Psmb2/Ift122/Psma1/Tuba1b/Psmd13/Psmd12/Ift172/Wdr35/Psma2/Psmd14/Psmd6/Prkaca",33
"R-MMU-6807070","PTEN Regulation","35/1735","112/8772",0.00250202201294597,0.0126760000701625,0.00939107892217623,"Ezh2/Psmd7/Psmc5/Rragd/Psmb5/Psma4/Psmd8/Psmb7/Psma7/Psmd1/Psmd3/Rnf146/Akt3/Psmc1/Phc3/Psmc4/Psmc6/Psmc2/Cbx4/Psma6/Rbbp7/Psmb2/Hdac2/Mta3/Psma1/Psmd13/Psmd12/Hdac1/Psma2/Psmd14/Psmd6/Slc38a9/Suz12/Nedd4/Rragb",35
"R-MMU-73893","DNA Damage Bypass","18/1735","47/8772",0.00250298339606336,0.0126760000701625,0.00939107892217623,"Pclaf/Pole2/Dtl/Pole/Rfc4/Rpa1/Rfc1/Rfc5/Vcp/Pold1/Rfc3/Usp1/Pole3/Pcna/Rpa3/Rfc2/Polh/Mad2l2",18
"R-MMU-5358346","Hedgehog ligand biogenesis","22/1735","62/8772",0.00274686327055798,0.013842567122073,0.0102553360373438,"Psmd7/Psmc5/Psmb5/Vcp/Psma4/Psmd8/Psmb7/Psma7/Psmd1/Psmd3/Psmc1/Psmc4/Psmc6/Psmc2/Psma6/Psmb2/Psma1/Psmd13/Psmd12/Psma2/Psmd14/Psmd6",22
"R-MMU-499943","Interconversion of nucleotide di- and triphosphates","12/1735","27/8772",0.00309097693222614,0.0155003402042517,0.0114835056305615,"Nme4/Tyms/Ak2/Rrm2/Rrm1/Dtymk/Dut/Rrm2b/Ctps/Nme1/Nme2/Ak4",12
"R-MMU-5250913","Positive epigenetic regulation of rRNA expression","30/1735","94/8772",0.00347286648626202,0.0172463224050779,0.0127770253965695,"H2bc12/H2ac4/H2ac11/H2ac15/H2bc13/H2ac10/H2afx/H4c9/H2bc3/H4c14/Hist1h2an/H2bc21/H2ac20/H3c10/H3c8/H3c3/H2afv/H4c12/H2bc7/H2ac6/H3f3b/H2bc4/Polr1a/Taf1d/H4c3/Polr1e/H2ac8/H3c1/H4c8/H3c11",30
"R-MMU-5250924","B-WICH complex positively regulates rRNA expression","30/1735","94/8772",0.00347286648626202,0.0172463224050779,0.0127770253965695,"H2bc12/H2ac4/H2ac11/H2ac15/H2bc13/H2ac10/H2afx/H4c9/H2bc3/H4c14/Hist1h2an/H2bc21/H2ac20/H3c10/H3c8/H3c3/H2afv/H4c12/H2bc7/H2ac6/H3f3b/H2bc4/Polr1a/Taf1d/H4c3/Polr1e/H2ac8/H3c1/H4c8/H3c11",30
"R-MMU-5358565","Mismatch repair (MMR) directed by MSH2:MSH6 (MutSalpha)","7/1735","12/8772",0.00362866375643362,0.017846745302075,0.0132218517440901,"Exo1/Lig1/Rpa1/Msh6/Pold1/Pcna/Rpa3",7
"R-MMU-73817","Purine ribonucleoside monophosphate biosynthesis","7/1735","12/8772",0.00362866375643362,0.017846745302075,0.0132218517440901,"Atic/Adssl1/Gart/Ppat/Gmps/Adsl/Lhpp",7
"R-MMU-8956320","Nucleobase biosynthesis","8/1735","15/8772",0.00391149840621181,0.0191457553567209,0.0141842299293503,"Atic/Adssl1/Gart/Umps/Ppat/Gmps/Adsl/Lhpp",8
"R-MMU-450282","MAPK targets/ Nuclear events mediated by MAP kinases","12/1735","28/8772",0.00444930906761087,0.0216744913150758,0.0160576567853626,"Mapk11/Rps6ka2/Dusp6/Ppp2r5d/Mapk8/Dusp7/Fos/Ppp2r1b/Dusp3/Jun/Rps6ka3/Mapkapk2",12
"R-MMU-179409","APC-Cdc20 mediated degradation of Nek2A","11/1735","25/8772",0.00502247100159221,0.0243506532446864,0.0180403049196627,"Bub1b/Cdc20/Ube2c/Mad2l1/Nek2/Anapc5/Cdc27/Anapc15/Bub3/Anapc16/Cdc23",11
"R-MMU-159231","Transport of Mature mRNA Derived from an Intronless Transcript","15/1735","39/8772",0.00533287742389664,0.0256128338246304,0.0189753978018561,"Ndc1/Nup93/Eif4e/Nup107/Ncbp2/Nup188/Nup133/Nup85/Sec13/Ncbp1/Aaas/Nup160/Nup155/Nup37/Nup43",15
"R-MMU-5696400","Dual Incision in GG-NER","15/1735","39/8772",0.00533287742389664,0.0256128338246304,0.0189753978018561,"Pole2/Pole/Rfc4/Rpa1/Rfc1/Rfc5/Pold1/Rfc3/Gtf2h4/Pole3/Pcna/Rpa3/Rfc2/Parp2/Gtf2h1",15
"R-MMU-112382","Formation of RNA Pol II elongation complex ","19/1735","54/8772",0.00577463308336068,0.0274765099733859,0.0203561117259226,"Supt16/Gtf2h4/Ncbp2/Supt4a/Elob/Ssrp1/Ncbp1/Nelfe/Ell/Mllt1/Polr2d/Polr2g/Nelfcd/Aff4/Leo1/Gtf2h1/Mnat1/Gtf2f2/Wdr61",19
"R-MMU-75955","RNA Polymerase II Transcription Elongation","19/1735","54/8772",0.00577463308336068,0.0274765099733859,0.0203561117259226,"Supt16/Gtf2h4/Ncbp2/Supt4a/Elob/Ssrp1/Ncbp1/Nelfe/Ell/Mllt1/Polr2d/Polr2g/Nelfcd/Aff4/Leo1/Gtf2h1/Mnat1/Gtf2f2/Wdr61",19
"R-MMU-2468052","Establishment of Sister Chromatid Cohesion","6/1735","10/8772",0.00598317057642725,0.0282063755745856,0.0208968363571556,"Cdca5/Esco2/Esco1/Smc1a/Pds5b/Rad21",6
"R-MMU-68689","CDC6 association with the ORC:origin complex","6/1735","10/8772",0.00598317057642725,0.0282063755745856,0.0208968363571556,"E2f2/Cdc6/E2f1/Orc1/E2f3/Mcm8",6
"R-MMU-176412","Phosphorylation of the APC/C","9/1735","19/8772",0.00611308017066016,0.0286866101586484,0.0212526205836568,"Cdk1/Plk1/Ccnb1/Ube2c/Anapc5/Cdc27/Anapc15/Anapc16/Cdc23",9
"R-MMU-5683057","MAPK family signaling cascades","68/1735","259/8772",0.00614179848156627,0.0286897709892342,0.0212549623010224,"Il6ra/Dusp1/Itgb3/Cdk1/Il2rb/Irs2/Tgfa/Pdgfb/Dusp5/Dusp6/Dlg4/Dusp2/Ptk2/Ppp2r5d/Cdc42ep3/Tyk2/Psmd7/Raf1/Psmc5/Rasal3/Psmb5/Psma4/Psmd8/Psmb7/Psma7/Dusp7/Psmd1/Rap1b/Psmd3/Rapgef2/Psmc1/Irs1/Ywhab/Dnajb1/Rasa2/Psmc4/Psmc6/Foxo1/Ppp2r1b/Psmc2/Psma6/Sptbn1/Psmb2/Mapk6/Apbb1ip/Rasgrp1/Psma1/Calm3/Psmd13/Ccnd3/Camk2g/Flt3l/Psmd12/Kras/Braf/Psma2/Psmd14/Psmd6/Il2ra/Rasgrf2/Dusp16/Erbb3/Ptpra/Cdc14b/Prkaca/Ret/Nf1/Camk2b",68
"R-MMU-191859","snRNP Assembly","17/1735","47/8772",0.00643486552776221,0.029786730474664,0.0220676502976365,"Gemin6/Ndc1/Prmt5/Nup93/Nup107/Nup188/Nup133/Nup85/Sec13/Snrpd2/Aaas/Gemin4/Nup160/Nup155/Snrpe/Nup37/Nup43",17
"R-MMU-194441","Metabolism of non-coding RNA","17/1735","47/8772",0.00643486552776221,0.029786730474664,0.0220676502976365,"Gemin6/Ndc1/Prmt5/Nup93/Nup107/Nup188/Nup133/Nup85/Sec13/Snrpd2/Aaas/Gemin4/Nup160/Nup155/Snrpe/Nup37/Nup43",17
"R-MMU-1538133","G0 and Early G1","8/1735","16/8772",0.0064799055050197,0.0298188562732316,0.0220914508583905,"Ccne2/Ccne1/Tfdp1/Cdk2/Ccna2/Rbl1/Hdac1/Lin54",8
"R-MMU-195721","Signaling by WNT","76/1735","295/8772",0.00650560420386704,0.0298188562732316,0.0220914508583905,"H2bc12/H2ac4/Pip5k1b/Sox4/H2ac11/H2ac15/H2bc13/Lef1/H2ac10/H2afx/H4c9/Tcf7/H2bc3/Bcl9/H4c14/Hist1h2an/H2bc21/H2ac20/Ppp2r5d/H3c10/H3c8/Gng12/Psmd7/H3c3/Psmc5/Fzd5/H2afv/Psmb5/H4c12/Znrf3/Psma4/Psmd8/Psmb7/Psma7/Tle4/Psmd1/Psmd3/H2bc7/Rnf146/Psmc1/Gnb4/Psmc4/Psmc6/Prickle1/Ppp2r1b/Cltb/Psmc2/Tle3/Psma6/Lrp5/Ap2s1/H2ac6/Psmb2/H3f3b/Tcf7l1/Plcb3/H2bc4/Psma1/Ap2a2/Frat1/Calm3/Psmd13/Psmd12/Kras/Hdac1/H4c3/Psma2/Gnb5/Psmd14/Psmd6/Cby1/Leo1/H2ac8/H3c1/H4c8/H3c11",76
"R-MMU-5358508","Mismatch Repair","7/1735","13/8772",0.00652925103147985,0.0298188562732316,0.0220914508583905,"Exo1/Lig1/Rpa1/Msh6/Pold1/Pcna/Rpa3",7
"R-MMU-418346","Platelet homeostasis","24/1735","74/8772",0.00675571633459499,0.0307159902679585,0.0227560971270568,"P2rx7/Pecam1/Ptgir/Atp2b4/Fgr/Itpr1/Ppp2r5d/Ptpn6/Gng12/Pde2a/Atp2b1/Atp2a2/Itpr3/Itpr2/Pde5a/Nos1/Gnb4/Ppp2r1b/Calm3/Atp2a1/Pde11a/Mrvi1/Gnb5/Lrp8",24
"R-MMU-5632684","Hedgehog 'on' state","26/1735","82/8772",0.00687191157532875,0.0311060422192978,0.0230450690928584,"Smo/Dzip1/Psmd7/Kif3a/Psmc5/Psmb5/Psma4/Psmd8/Psmb7/Psma7/Psmd1/Psmd3/Psmc1/Psmc4/Psmc6/Psmc2/Psma6/Psmb2/Psma1/Psmd13/Psmd12/Gas8/Psma2/Psmd14/Psmd6/Spopl",26
"R-MMU-159234","Transport of Mature mRNAs Derived from Intronless Transcripts","15/1735","40/8772",0.007002235801454,0.0315563313871693,0.0233786681059443,"Ndc1/Nup93/Eif4e/Nup107/Ncbp2/Nup188/Nup133/Nup85/Sec13/Ncbp1/Aaas/Nup160/Nup155/Nup37/Nup43",15
"R-MMU-9018519","Estrogen-dependent gene expression","35/1735","119/8772",0.00734028336679054,0.0329346924746786,0.0243998339062289,"H2bc12/H2ac4/H2ac11/H2ac15/H2bc13/H2ac10/H2afx/H4c9/H2bc3/H4c14/Hist1h2an/H2bc21/H2ac20/H3c10/H3c8/H3c3/H2afv/H4c12/Fos/H2bc7/Tle3/H2ac6/Myc/H3f3b/Jun/H2bc4/Polr2d/Polr2g/Hdac1/H4c3/H2ac8/H3c1/H4c8/Gtf2f2/H3c11",35
"R-MMU-8939236","RUNX1 regulates transcription of genes involved in differentiation of HSCs","22/1735","67/8772",0.00791048592960074,0.0353381096331072,0.0261804176939211,"Psmd7/Psmc5/Psmb5/Psma4/Psmd8/Psmb7/Psma7/Psmd1/Psmd3/Psmc1/Psmc4/Psmc6/Psmc2/Psma6/Psmb2/Psma1/Psmd13/Psmd12/Psma2/Psmd14/Psmd6/Mnat1",22
"R-MMU-170822","Regulation of Glucokinase by Glucokinase Regulatory Protein","12/1735","30/8772",0.00856955163692322,0.0381158753242281,0.0282383394900903,"Ndc1/Nup93/Nup107/Nup188/Nup133/Nup85/Sec13/Aaas/Nup160/Nup155/Nup37/Nup43",12
"R-MMU-5688426","Deubiquitination","64/1735","245/8772",0.0086473514293827,0.0382954134729805,0.0283713512378926,"H2ac4/Cdk1/H2ac11/Cdc20/H2ac15/Tnfaip3/Uchl5/H2ac10/Clspn/Nod1/Asxl2/Cdc25a/Usp20/Brca1/Skp2/Ccna2/Hist1h2an/Bard1/H2ac20/Usp48/Smad7/Psmd7/Ar/Psmc5/Adrb2/Psmb5/Vcp/Psma4/Psmd8/Psmb7/Psma7/Usp24/Psmd1/Rnf128/Psmd3/Rnf146/Psmc1/Tgfbr1/Ccp110/Psmc4/Psmc6/Psmc2/Psma6/H2ac6/Psmb2/Myc/Taf9b/Usp28/Psma1/Hcfc1/Usp14/Vdac3/Hif1a/Birc3/Uimc1/Actl6a/Psmd13/Psmd12/Psma2/Tada3/Psmd14/Psmd6/H2ac8/Uchl3",64
"R-MMU-382556","ABC-family proteins mediated transport","30/1735","100/8772",0.00926871123432276,0.0408702223823801,0.0302789114732867,"Abcb1a/Psmd7/Psmc5/Psmb5/Vcp/Psma4/Psmd8/Psmb7/Psma7/Psmd1/Psmd3/Psmc1/Abcb9/Psmc4/Psmc6/Psmc2/Psma6/Abcd3/Psmb2/Erlin1/Psma1/Abcb8/Psmd13/Psmd12/Pex3/Psma2/Psmd14/Psmd6/Eif2s1/Abcc4",30
"R-MMU-4570464","SUMOylation of RNA binding proteins","16/1735","45/8772",0.00972088895231121,0.042506556240269,0.0314911977084876,"Ndc1/Nup93/Nup107/Nop58/Nup188/Nup133/Nup85/Sec13/Phc3/Pcgf2/Cbx4/Aaas/Nup160/Nup155/Nup37/Nup43",16
"R-MMU-451927","Interleukin-2 family signaling","13/1735","34/8772",0.00976445817836091,0.042506556240269,0.0314911977084876,"Il2rb/Stat4/Sos2/Il21/Ptpn6/Il21r/Pik3cd/Stat5b/Ptk2b/Il9r/Pik3r2/Il15/Il2ra",13
"R-MMU-6783310","Fanconi Anemia Pathway","13/1735","34/8772",0.00976445817836091,0.042506556240269,0.0314911977084876,"Fancd2/Fanca/Rpa1/Fancm/Fancb/Ube2t/Usp1/Cenps/Rpa3/Cenpx/Eme2/Eme1/Fanci",13
"R-MMU-69231","Cyclin D associated events in G1","14/1735","38/8772",0.010762974233745,0.0464579014393296,0.0344185718334284,"E2f2/Cdk6/Lyn/Cks1b/Tfdp1/Rb1/Skp2/E2f1/E2f3/Ppp2r1b/Rbl1/Cdk4/Ccnd3/Mnat1",14
"R-MMU-69236","G1 Phase","14/1735","38/8772",0.010762974233745,0.0464579014393296,0.0344185718334284,"E2f2/Cdk6/Lyn/Cks1b/Tfdp1/Rb1/Skp2/E2f1/E2f3/Ppp2r1b/Rbl1/Cdk4/Ccnd3/Mnat1",14
"R-MMU-74217","Purine salvage","7/1735","14/8772",0.0108533320371565,0.0466510868655928,0.0345616942359693,"Adk/Ampd1/Dck/Ampd3/Gmpr2/Ampd2/Dguok",7
"R-MMU-6785807","Interleukin-4 and Interleukin-13 signaling","6/1735","11/8772",0.0109765945052494,0.0469834986563604,0.0348079631965627,"Il4ra/Socs1/Tyk2/Stat6/Socs5/Il4",6
